,FID,grid_code,WF_i,rain_i,temp_i,WF_e,temp_e,rains_e,slope,northness,eastness,veg10,veg21,veg22,veg23,veg32,veg333,veg34,veg35,veg37,POINT_X,POINT_Y
0,0,585.5640259,0,897.7399902,7.5148401,0,17.4671993,647.4879761,19.5837994,0.920808,-0.390017,0,0,0,0,0,0,34,0,0,1494605.52024,4946981.94945999
1,1,586.7009888,0,897.0930176,7.5092502,0,17.4612007,647.4550171,21.7612,-0.730191,0.683244,0,0,0,0,0,0,34,0,0,1494705.52024,4946981.94945999
2,2,584.84198,0,896.4320068,7.5183902,0,17.4710007,647.401001,20.1194,0.895339,0.445385,0,0,0,0,0,0,34,0,0,1494805.52024,4946981.94945999
3,3,575.5040283,0,895.7589722,7.5643101,0,17.5202007,647.3640137,18.1173992,-0.246423,0.969162,0,0,0,0,0,0,34,0,0,1494905.52024,4946981.94945999
4,4,573.2219849,0,895.0739746,7.5755301,0,17.5321999,647.2949829,13.6346998,-0.496488,-0.868044,0,0,0,0,0,0,34,0,0,1495005.52024,4946981.94945999
5,5,571.5930176,0,894.3770142,7.58355,0,17.5408001,647.2550049,16.8593998,-0.866544,0.499101,0,0,0,0,0,0,34,0,0,1495105.52024,4946981.94945999
6,6,579.5510254,0,893.6669922,7.5444102,0,17.4988003,647.2030029,9.1306496,-0.798699,0.601731,0,0,0,0,0,0,34,0,0,1495205.52024,4946981.94945999
7,7,750.617981,0,885.132019,6.7031698,0,16.5979004,646.5819702,5.5701799,0.997293,-0.0735313,0,0,0,0,0,0,0,35,0,1496305.52024,4946981.94945999
8,8,728.0709839,0,884.2949829,6.8140402,0,16.7166004,646.5349731,23.3169003,-0.925429,-0.378921,0,0,0,0,0,0,0,35,0,1496405.52024,4946981.94945999
9,9,710.2230225,0,883.4489746,6.9018202,0,16.8106003,646.4470215,15.1410999,-0.393729,-0.919227,0,0,0,0,0,0,0,35,0,1496505.52024,4946981.94945999
10,10,716.9000244,0,882.5949707,6.8689799,0,16.7754002,646.3569946,10.8786001,0.795644,0.605765,0,0,0,0,0,0,0,35,0,1496605.52024,4946981.94945999
11,11,707.6190186,0,881.7310181,6.9146199,0,16.8243008,646.3070068,20.7700005,-0.555305,0.831647,0,0,0,0,0,0,0,35,0,1496705.52024,4946981.94945999
12,12,681.2550049,0,880.8590088,7.04427,0,16.9631996,646.2349854,23.7828999,0.87363,-0.486591,0,0,0,0,0,0,0,35,0,1496805.52024,4946981.94945999
13,13,528.5009766,0,901.6829834,7.7954502,0,17.7677002,648.4420166,11.0836,-0.999153,0.0411471,0,0,0,0,0,0,0,35,0,1494205.52024,4946781.94945999
14,14,485.4590149,0,903.0159912,8.0071201,0,17.9944,648.867981,30.3220005,0.430811,0.902442,0,0,0,0,0,0,0,0,37,1494105.52024,4946681.94945999
15,15,486.3580017,0,902.3870239,8.0026999,0,17.9897003,648.7999878,24.0466995,0.933112,-0.359585,0,0,0,0,0,0,0,0,37,1494205.52024,4946681.94945999
16,16,582.7579956,0,899.0830078,7.5286398,0,17.4820004,647.9140015,1.74827,-0.603513,-0.797353,0,0,0,0,0,0,0,35,0,1494505.52024,4946881.94945999
17,17,542.585022,0,898.4320068,7.7261901,0,17.6935997,647.8720093,23.7416,0.0758812,-0.997117,0,0,0,0,0,0,34,0,0,1494605.52024,4946881.94945999
18,18,539.5089722,0,897.7689819,7.7413201,0,17.7096996,647.8460083,25.3764992,-0.889076,0.457761,0,0,0,0,0,0,34,0,0,1494705.52024,4946881.94945999
19,19,546.90802,0,897.0930176,7.7049298,0,17.6707993,647.7969971,28.3379002,0.988278,0.152663,0,0,0,0,0,0,34,0,0,1494805.52024,4946881.94945999
20,20,537.1489868,0,896.4039917,7.7529302,0,17.7222004,647.7219849,27.281601,0.443717,0.896167,0,0,0,0,0,0,34,0,0,1494905.52024,4946881.94945999
21,21,545.5130005,0,895.7030029,7.7118001,0,17.6781006,647.6939697,20.9887009,-0.988981,0.14804,0,0,0,0,0,0,34,0,0,1495005.52024,4946881.94945999
22,22,543.7180176,0,894.9890137,7.7206202,0,17.6875992,647.6099854,15.2388,0.524859,-0.851189,0,0,0,0,0,0,34,0,0,1495105.52024,4946881.94945999
23,23,559.7059937,0,894.2639771,7.6420002,0,17.6033993,647.5830078,17.9624996,-0.0241446,0.999708,0,0,0,0,0,0,34,0,0,1495205.52024,4946881.94945999
24,24,574.526001,0,893.5269775,7.5691199,0,17.5252991,647.5549927,17.3628998,0.0104328,-0.999946,0,0,0,0,0,0,34,0,0,1495305.52024,4946881.94945999
25,25,592.0170288,0,892.7780151,7.48311,0,17.4332008,647.4810181,14.6556997,0.708748,0.705462,0,0,0,0,0,0,34,0,0,1495405.52024,4946881.94945999
26,26,733.4630127,0,886.4000244,6.7875299,0,16.6882,646.9730225,8.0638399,-0.506352,0.862327,0,0,0,0,0,0,0,35,0,1496205.52024,4946881.94945999
27,27,730.835022,0,885.5570068,6.8004498,0,16.7019997,646.875,22.3370991,0.98572,0.168391,0,0,0,0,0,0,0,35,0,1496305.52024,4946881.94945999
28,28,700.96698,0,884.7050171,6.94733,0,16.8593998,646.835022,19.9939003,0.994686,-0.102951,0,0,0,0,0,0,0,35,0,1496405.52024,4946881.94945999
29,29,657.2360229,0,883.8439941,7.1623802,0,17.0897007,646.7930298,27.5802002,0.896284,0.44348,0,0,0,0,0,0,0,35,0,1496505.52024,4946881.94945999
30,30,683.5219727,0,882.9730225,7.0331202,0,16.9512005,646.7089844,21.5118999,-0.895418,0.445226,0,0,0,0,0,0,0,35,0,1496605.52024,4946881.94945999
31,31,680.3300171,0,882.0939941,7.04882,0,16.9680996,646.6240234,18.2525005,0.185825,-0.982583,0,0,0,0,0,0,0,35,0,1496705.52024,4946881.94945999
32,32,654.789978,0,881.2069702,7.1744099,0,17.1026001,646.5339966,20.4337997,0.881077,-0.472974,0,0,0,0,0,0,0,35,0,1496805.52024,4946881.94945999
33,33,539.2700195,0,901.0570068,7.7424998,0,17.7110004,648.3720093,19.4046001,-0.589084,-0.808072,0,0,0,0,0,0,0,35,0,1494305.52024,4946781.94945999
34,34,548.3930054,0,900.4180298,7.6976299,0,17.6630001,648.3460083,18.0035992,-0.857638,-0.514254,0,0,0,0,0,0,0,35,0,1494405.52024,4946781.94945999
35,35,555.2520142,0,899.7650146,7.6638999,0,17.6268005,648.3259888,20.6180992,-0.957941,-0.286966,0,0,0,0,0,0,0,35,0,1494505.52024,4946781.94945999
36,36,530.3729858,0,899.0980225,7.7862501,0,17.7579002,648.2589722,24.8027992,-0.685792,0.727798,0,0,0,0,0,0,0,35,0,1494605.52024,4946781.94945999
37,37,498.7529907,0,898.4190063,7.94174,0,17.9244003,648.1970215,28.2978001,0.0418733,0.999123,0,0,0,0,0,0,34,0,0,1494705.52024,4946781.94945999
38,38,493.230011,0,897.7269897,7.9689002,0,17.9535007,648.1259766,27.2989998,-0.765751,0.643138,0,0,0,0,0,0,34,0,0,1494805.52024,4946781.94945999
39,39,483.1350098,0,897.0219727,8.0185404,0,18.0067005,648.1170044,30.1914997,0.768319,0.640067,0,0,0,0,0,0,34,0,0,1494905.52024,4946781.94945999
40,40,513.2039795,0,896.3049927,7.8706799,0,17.8483009,648.0800171,22.6702995,-0.107986,0.994152,0,0,0,0,0,0,34,0,0,1495005.52024,4946781.94945999
41,41,512.565979,0,895.5759888,7.8738198,0,17.8516998,647.9940186,17.1781998,0.901773,-0.43221,0,0,0,0,0,0,34,0,0,1495105.52024,4946781.94945999
42,42,534.9249878,0,894.8339844,7.7638602,0,17.7339001,647.9550171,25.9428997,-0.26166,-0.96516,0,0,0,0,0,0,34,0,0,1495205.52024,4946781.94945999
43,43,537.6680298,0,894.0809937,7.75037,0,17.7194004,647.8809814,28.1049004,0.774206,0.632933,0,0,0,0,0,0,34,0,0,1495305.52024,4946781.94945999
44,44,584.6740112,0,893.3170166,7.5192199,0,17.4719009,647.8530273,18.8178005,0.530572,0.84764,0,0,0,0,0,0,34,0,0,1495405.52024,4946781.94945999
45,45,589.2379761,0,892.5410156,7.4967699,0,17.4477997,647.7709961,24.8624001,0.370378,-0.928881,0,0,0,0,0,0,0,35,0,1495505.52024,4946781.94945999
46,46,596.9509888,0,891.7550049,7.4588399,0,17.4071999,647.7030029,17.4377003,-0.859603,-0.510963,0,0,0,0,0,0,0,35,0,1495605.52024,4946781.94945999
47,47,610.8480225,0,890.9569702,7.3905001,0,17.3339996,647.6569824,17.6418991,0.223794,0.974636,0,0,0,0,0,0,0,35,0,1495705.52024,4946781.94945999
48,48,651.2579956,0,890.1489868,7.1917801,0,17.1212006,647.5869751,28.9262009,0.933018,-0.359829,0,0,0,0,0,0,0,35,0,1495805.52024,4946781.94945999
49,49,690.309021,0,889.3300171,6.9997501,0,16.9155006,647.5159912,14.4934998,0.533556,0.845765,0,0,0,0,0,0,0,35,0,1495905.52024,4946781.94945999
50,50,709.6519775,0,888.5009766,6.9046202,0,16.8136005,647.4489746,8.1523399,-0.27052,0.962714,0,0,0,0,0,0,0,35,0,1496005.52024,4946781.94945999
51,51,710.8900146,0,887.6619873,6.89854,0,16.8071003,647.3540039,17.6142006,-0.357812,0.933794,0,0,0,0,0,0,0,35,0,1496105.52024,4946781.94945999
52,52,706.6469727,0,886.8129883,6.9194002,0,16.8293991,647.309021,17.7446995,-0.52195,-0.852976,0,0,0,0,0,0,0,35,0,1496205.52024,4946781.94945999
53,53,692.34198,0,885.9550171,6.9897499,0,16.9048004,647.2340088,16.8635006,-0.892285,0.451473,0,0,0,0,0,0,0,35,0,1496305.52024,4946781.94945999
54,54,668.2490234,0,885.0880127,7.1082301,0,17.0317001,647.151001,33.1337013,0.289003,0.957328,0,0,0,0,0,0,0,35,0,1496405.52024,4946781.94945999
55,55,634.875,0,884.2109985,7.2723498,0,17.2075005,647.0880127,28.2646008,-0.621747,0.783218,0,0,0,0,0,0,0,35,0,1496505.52024,4946781.94945999
56,56,634.4509888,0,883.3250122,7.2744398,0,17.2096996,646.9940186,27.5074005,0.983331,-0.181826,0,0,0,0,0,0,0,35,0,1496605.52024,4946781.94945999
57,57,632.8880005,0,882.4310303,7.2821202,0,17.2178993,646.9359741,27.8724995,-0.786832,-0.617167,0,0,0,0,0,0,0,35,0,1496705.52024,4946781.94945999
58,58,615.6489868,0,881.5280151,7.36689,0,17.3087006,646.8389893,28.9037991,-0.610482,0.79203,0,0,0,0,0,0,0,35,0,1496805.52024,4946781.94945999
59,59,502.8619995,0,901.7449951,7.9215398,0,17.9027996,648.7849731,22.3523006,0.431458,0.902133,0,0,0,0,0,0,0,35,0,1494305.52024,4946681.94945999
60,60,506.9440002,0,901.0889893,7.9014602,0,17.8813,648.7059937,20.5914993,-0.871329,-0.4907,0,0,0,0,0,0,0,35,0,1494405.52024,4946681.94945999
61,61,519.6430054,0,900.4199829,7.8390098,0,17.8143997,648.6680298,24.3579006,-0.911898,0.410417,0,0,0,0,0,0,0,35,0,1494505.52024,4946681.94945999
62,62,519.5579834,0,899.7379761,7.8394299,0,17.8148003,648.6110229,22.2514,-0.833908,-0.551903,0,0,0,0,0,0,0,35,0,1494605.52024,4946681.94945999
63,63,479.4630127,0,899.0430298,8.0366001,0,18.0259991,648.5910034,26.4018002,0.981302,-0.192474,0,0,0,0,0,0,0,35,0,1494705.52024,4946681.94945999
64,64,437.0769958,0,898.3339844,8.2450399,0,18.2493,648.5460205,24.4543991,0.336068,-0.941838,0,0,0,0,0,0,0,35,0,1494805.52024,4946681.94945999
65,65,439.6000061,0,897.6140137,8.2326298,0,18.2360001,648.4869995,19.1644001,0.953469,-0.301491,0,0,0,0,0,0,34,0,0,1494905.52024,4946681.94945999
66,66,458.6929932,0,896.8809814,8.1387396,0,18.1354008,648.401001,28.0729008,0.999974,-0.0072093,0,0,0,0,0,0,34,0,0,1495005.52024,4946681.94945999
67,67,478.5270081,0,896.1359863,8.0412102,0,18.030899,648.382019,26.6744995,0.641393,-0.767212,0,0,0,0,0,0,34,0,0,1495105.52024,4946681.94945999
68,68,489.3399963,0,895.3790283,7.98803,0,17.9740009,648.3339844,22.2653999,0.635746,0.771898,0,0,0,0,0,0,34,0,0,1495205.52024,4946681.94945999
69,69,542.8380127,0,894.6099854,7.7249498,0,17.6921997,648.2630005,32.2722015,-0.887946,0.459948,0,0,0,0,0,0,34,0,0,1495305.52024,4946681.94945999
70,70,558.4489746,0,893.8300171,7.64818,0,17.6100006,648.1900024,36.7025986,-0.890301,-0.455372,0,0,0,0,0,0,0,35,0,1495405.52024,4946681.94945999
71,71,536.7360229,0,893.0380249,7.7549601,0,17.7243996,648.1209717,27.5323009,-0.667842,0.744303,0,0,0,0,0,0,0,35,0,1495505.52024,4946681.94945999
72,72,553.25,0,892.2360229,7.6737499,0,17.6373997,648.0620117,23.9076004,-0.14348,0.989653,0,0,0,0,0,0,0,35,0,1495605.52024,4946681.94945999
73,73,593.9829712,0,891.4229736,7.4734402,0,17.4228001,648.0029907,39.9062996,0.613758,0.789494,0,0,0,0,0,0,0,35,0,1495705.52024,4946681.94945999
74,74,657.690979,0,890.598999,7.1601501,0,17.0872993,647.9060059,21.5653992,0.687355,-0.726321,0,0,0,0,0,0,0,35,0,1495805.52024,4946681.94945999
75,75,677.677002,0,889.7639771,7.0618601,0,16.9820004,647.8480225,18.0365009,0.752508,0.658583,0,0,0,0,0,0,0,35,0,1495905.52024,4946681.94945999
76,76,694.677002,0,888.9199829,6.9782701,0,16.8924999,647.7869873,17.2880001,-0.742853,-0.669454,0,0,0,0,0,0,0,35,0,1496005.52024,4946681.94945999
77,77,667.1489868,0,888.0650024,7.1136398,0,17.0375004,647.690979,27.2129002,0.699108,0.715016,0,0,0,0,0,0,0,35,0,1496105.52024,4946681.94945999
78,78,672.348999,0,887.2009888,7.0880599,0,17.0100994,647.6300049,24.9652996,-0.0742595,0.997239,0,0,0,0,0,0,0,35,0,1496205.52024,4946681.94945999
79,79,661.8720093,0,886.3280029,7.1395898,0,17.0653,647.5269775,24.3766003,-0.0162929,0.999867,0,0,0,0,0,0,0,35,0,1496305.52024,4946681.94945999
80,80,638.4180298,0,885.4450073,7.25493,0,17.1888008,647.4539795,22.8318996,-0.0143113,-0.999898,0,0,0,0,0,0,0,35,0,1496405.52024,4946681.94945999
81,81,611.815979,0,884.552002,7.3857498,0,17.3288994,647.3640137,22.5748005,0.661809,0.749673,0,0,0,0,0,0,0,35,0,1496505.52024,4946681.94945999
82,82,575.5529785,0,883.651001,7.5640702,0,17.5198994,647.2919922,26.2537003,0.0011014,0.999999,0,0,0,0,0,0,0,35,0,1496605.52024,4946681.94945999
83,83,581.1849976,0,882.7420044,7.5363798,0,17.4902,647.2020264,34.3622017,-0.714563,-0.699571,0,0,0,0,0,0,0,35,0,1496705.52024,4946681.94945999
84,84,574.2969971,0,881.822998,7.57025,0,17.5265007,647.151001,15.1435003,0.941673,-0.336529,0,0,0,0,0,0,0,35,0,1496805.52024,4946681.94945999
85,85,641.7269897,0,880.3109741,7.2386498,0,17.1714001,646.4470215,11.2089996,0.168103,0.98577,0,0,0,0,0,0,0,35,0,1496905.52024,4946881.94945999
86,86,615.2449951,0,880.6170044,7.3688798,0,17.3108997,646.7319946,17.8136997,-0.621084,0.783744,0,0,0,0,0,0,0,35,0,1496905.52024,4946781.94945999
87,87,635.6209717,0,879.697998,7.2686801,0,17.2035007,646.6690063,14.9974003,0.876235,0.481884,0,0,0,0,0,0,0,35,0,1497005.52024,4946781.94945999
88,88,596.1129761,0,880.8969727,7.4629698,0,17.4116001,647.0679932,19.6709995,-0.990201,0.139647,0,0,0,0,0,0,0,35,0,1496905.52024,4946681.94945999
89,89,614.4810181,0,879.9619751,7.3726401,0,17.3148994,646.9710083,18.8553009,0.0673293,0.997731,0,0,0,0,0,0,0,35,0,1497005.52024,4946681.94945999
90,90,655.9379883,0,879.0159912,7.1687698,0,17.0965004,646.875,25.4839001,0.941026,-0.338334,0,0,0,0,0,0,0,35,0,1497105.52024,4946681.94945999
91,91,572.1439819,0,904.9559937,7.5808301,0,17.5379009,649.3129883,19.0517006,0.60534,0.795967,0,0,0,0,0,0,0,35,0,1493905.52024,4946581.94945999
92,92,527.4780273,0,904.3400269,7.8004899,0,17.7730999,649.2869873,30.1355991,0.923203,0.384312,0,0,0,0,0,0,0,35,0,1494005.52024,4946581.94945999
93,93,462.9379883,0,903.7089844,8.1178703,0,18.1130009,649.2620239,19.2859993,-0.753022,-0.657996,0,0,0,0,0,0,0,35,0,1494105.52024,4946581.94945999
94,94,458.6839905,0,903.0650024,8.1387796,0,18.1355,649.2319946,12.5194998,0.789231,0.614096,0,0,0,0,0,0,0,0,37,1494205.52024,4946581.94945999
95,95,560.0360107,0,905.6560059,7.6403799,0,17.6016006,649.7750244,22.8094006,-0.995521,-0.0945435,0,0,0,0,0,0,0,35,0,1493905.52024,4946481.94945999
96,96,517.3839722,0,905.0239868,7.8501201,0,17.8262997,649.7319946,23.9400997,-0.32498,-0.945721,0,0,0,0,0,0,0,35,0,1494005.52024,4946481.94945999
97,97,469.9930115,0,904.3779907,8.0831699,0,18.0758991,649.6489868,36.9609985,0.856679,0.51585,0,0,0,0,0,0,0,35,0,1494105.52024,4946481.94945999
98,98,436.0750122,0,903.71698,8.2499704,0,18.2544994,649.6300049,18.8631992,-0.967274,-0.253733,0,0,0,0,0,0,0,35,0,1494205.52024,4946481.94945999
99,99,510.4460144,0,905.6829834,7.8842402,0,17.8628006,650.1409912,27.7418003,-0.929165,0.369664,0,0,0,0,0,0,0,35,0,1494005.52024,4946381.94945999
100,100,450.1069946,0,905.0200195,8.1809597,0,18.1805992,650.0780029,23.7800007,0.632145,0.77485,0,0,0,0,0,0,0,35,0,1494105.52024,4946381.94945999
101,101,423.3850098,0,904.3430176,8.3123703,0,18.3213997,650.0570068,12.5190001,-0.713021,-0.701143,0,0,0,0,0,0,0,35,0,1494205.52024,4946381.94945999
102,102,468.79599,0,902.4069824,8.0890598,0,18.0821991,649.1680298,17.184,-0.0664487,0.99779,0,0,0,0,0,0,0,35,0,1494305.52024,4946581.94945999
103,103,476.697998,0,901.7349854,8.0502005,0,18.0405998,649.1389771,20.2084007,0.995904,0.0904198,0,0,0,0,0,0,0,35,0,1494405.52024,4946581.94945999
104,104,483.3120117,0,901.0499878,8.0176697,0,18.0056992,649.065979,20.0107994,0.970015,-0.243044,0,0,0,0,0,0,0,35,0,1494505.52024,4946581.94945999
105,105,494.9450073,0,900.3519897,7.9604702,0,17.9445,649.026001,17.6594009,0.353358,0.935488,0,0,0,0,0,0,0,35,0,1494605.52024,4946581.94945999
106,106,452.1570129,0,899.6400146,8.1708803,0,18.1697998,648.9639893,26.1305008,-0.101894,0.994795,0,0,0,0,0,0,0,35,0,1494705.52024,4946581.94945999
107,107,412.3959961,0,898.9160156,8.3664103,0,18.3792,648.9240112,25.3894997,-0.985133,0.171795,0,0,0,0,0,0,0,35,0,1494805.52024,4946581.94945999
108,108,408.2569885,0,898.1799927,8.3867598,0,18.4009991,648.8660278,28.2161999,-0.937906,0.346891,0,0,0,0,0,0,34,0,0,1494905.52024,4946581.94945999
109,109,414.0169983,0,897.4310303,8.3584404,0,18.3707008,648.8170166,19.6364002,0.925584,-0.378543,0,0,0,0,0,0,34,0,0,1495005.52024,4946581.94945999
110,110,437.7359924,0,896.6699829,8.2418003,0,18.2458,648.7459717,19.5695992,0.991303,0.131601,0,0,0,0,0,0,34,0,0,1495105.52024,4946581.94945999
111,111,493.6350098,0,895.8969727,7.9669099,0,17.9514008,648.6719971,28.0935001,-0.695432,-0.718592,0,0,0,0,0,0,34,0,0,1495205.52024,4946581.94945999
112,112,534.1259766,0,895.1119995,7.7677898,0,17.7381001,648.6220093,27.2106991,0.228149,0.973626,0,0,0,0,0,0,0,35,0,1495305.52024,4946581.94945999
113,113,513.0770264,0,894.3170166,7.8713002,0,17.8490009,648.526001,38.0593987,-0.482941,0.875653,0,0,0,0,0,0,0,35,0,1495405.52024,4946581.94945999
114,114,500.2550049,0,893.5089722,7.93436,0,17.9165001,648.4609985,24.9950008,-0.799932,0.60009,0,0,0,0,0,0,0,35,0,1495505.52024,4946581.94945999
115,115,520.5440063,0,892.690979,7.8345799,0,17.8096008,648.3980103,33.8412018,-0.882743,-0.469856,0,0,0,0,0,0,0,35,0,1495605.52024,4946581.94945999
116,116,567.2550049,0,891.8619995,7.6048799,0,17.5636005,648.335022,34.0560989,0.52962,-0.848235,0,0,0,0,0,0,0,35,0,1495705.52024,4946581.94945999
117,117,619.4710083,0,891.0230103,7.3481002,0,17.2886009,648.2440186,26.1044006,0.998011,-0.0630426,0,0,0,0,0,0,0,35,0,1495805.52024,4946581.94945999
118,118,641.9589844,0,890.1729736,7.2375102,0,17.1702003,648.1849976,20.6532993,-0.854951,-0.518709,0,0,0,0,0,0,0,35,0,1495905.52024,4946581.94945999
119,119,666.1480103,0,889.3129883,7.1185598,0,17.0426998,648.0599976,12.7770004,0.872513,0.48859,0,0,0,0,0,0,0,35,0,1496005.52024,4946581.94945999
120,120,617.7139893,0,888.4429932,7.35674,0,17.2978001,648.0040283,35.1273994,0.66026,-0.751037,0,0,0,0,0,0,0,35,0,1496105.52024,4946581.94945999
121,121,620.9069824,0,887.5629883,7.3410401,0,17.2810001,647.9450073,28.8456993,-0.920789,-0.390061,0,0,0,0,0,0,0,35,0,1496205.52024,4946581.94945999
122,122,620.3850098,0,886.6740112,7.3435998,0,17.2838001,647.8460083,26.0424995,0.685002,0.728542,0,0,0,0,0,0,0,35,0,1496305.52024,4946581.94945999
123,123,598.4530029,0,885.7750244,7.4514599,0,17.3992996,647.7689819,21.5699005,-0.968286,0.249846,0,0,0,0,0,0,0,35,0,1496405.52024,4946581.94945999
124,124,578.848999,0,884.8640137,7.5478601,0,17.5025997,647.6820068,24.6000004,-0.946426,-0.32292,0,0,0,0,0,0,0,35,0,1496505.52024,4946581.94945999
125,125,556.3720093,0,883.9420166,7.65839,0,17.6208992,647.5880127,24.2490005,0.405443,0.91412,0,0,0,0,0,0,0,35,0,1496605.52024,4946581.94945999
126,126,549.401001,0,883.0079956,7.6926799,0,17.6576004,647.526001,28.5077991,-0.683496,0.729955,0,0,0,0,0,0,0,35,0,1496705.52024,4946581.94945999
127,127,544.9530029,0,882.0650024,7.71455,0,17.6811008,647.4420166,22.9780006,0.0338309,-0.999428,0,0,0,0,0,0,0,35,0,1496805.52024,4946581.94945999
128,128,432.8580017,0,903.0430298,8.26579,0,18.2714996,649.6099854,19.9701004,0.0529691,0.998596,0,0,0,0,0,0,0,35,0,1494305.52024,4946481.94945999
129,129,442.4620056,0,902.3549805,8.2185602,0,18.2208996,649.5159912,16.5074997,0.690875,0.722975,0,0,0,0,0,0,0,35,0,1494405.52024,4946481.94945999
130,130,462.20401,0,901.6539917,8.12148,0,18.1168995,649.473999,11.1302004,-0.846201,-0.532863,0,0,0,0,0,0,0,35,0,1494505.52024,4946481.94945999
131,131,473.2650146,0,900.9390259,8.0670795,0,18.0585995,649.4199829,13.4466,-0.371772,-0.928324,0,0,0,0,0,0,0,35,0,1494605.52024,4946481.94945999
132,132,434.8410034,0,900.2119751,8.2560396,0,18.2609997,649.3809814,26.4633999,-0.397675,0.917526,0,0,0,0,0,0,0,35,0,1494705.52024,4946481.94945999
133,133,396.7579956,0,899.4719849,8.4433098,0,18.4615993,649.2979736,30.5970001,-0.867256,0.497862,0,0,0,0,0,0,0,35,0,1494805.52024,4946481.94945999
134,134,378.2640076,0,898.7199707,8.5342598,0,18.559,649.2459717,20.4181995,0.358967,-0.93335,0,0,0,0,0,0,34,0,0,1494905.52024,4946481.94945999
135,135,416.8139954,0,897.9550171,8.3446903,0,18.3560009,649.197998,24.2226009,-0.213612,0.976919,0,0,0,0,0,0,34,0,0,1495005.52024,4946481.94945999
136,136,462.1640015,0,897.1779785,8.1216698,0,18.1170998,649.1240234,26.9694004,0.993521,0.113646,0,0,0,0,0,0,34,0,0,1495105.52024,4946481.94945999
137,137,499.5050049,0,896.3900146,7.9380498,0,17.9204998,649.0670166,15.2306004,0.997966,-0.0637555,0,0,0,0,0,0,0,35,0,1495205.52024,4946481.94945999
138,138,491.8980103,0,895.5889893,7.97545,0,17.9605007,648.9940186,37.4339981,-0.305242,-0.952275,0,0,0,0,0,0,0,35,0,1495305.52024,4946481.94945999
139,139,453.0769958,0,894.7780151,8.1663599,0,18.1650009,648.9169922,39.0228996,0.0357397,-0.999361,0,0,0,0,0,0,0,35,0,1495405.52024,4946481.94945999
140,140,445.7919922,0,893.9550171,8.2021799,0,18.2033997,648.8319702,28.6033993,0.985947,0.16706,0,0,0,0,0,0,0,35,0,1495505.52024,4946481.94945999
141,141,506.2860107,0,893.1209717,7.9046998,0,17.8847008,648.7420044,34.5629997,-0.999489,0.03197,0,0,0,0,0,0,0,35,0,1495605.52024,4946481.94945999
142,142,556.5300293,0,892.276001,7.65762,0,17.6201,648.6920166,37.1334,0.287194,-0.957872,0,0,0,0,0,0,0,35,0,1495705.52024,4946481.94945999
143,143,592.223999,0,891.4210205,7.48209,0,17.4321003,648.6040039,27.9258003,-0.785558,0.618788,0,0,0,0,0,0,0,35,0,1495805.52024,4946481.94945999
144,144,639.7420044,0,890.5549927,7.2484102,0,17.1818008,648.5150146,18.2588997,-0.625665,-0.780092,0,0,0,0,0,0,0,35,0,1495905.52024,4946481.94945999
145,145,625.0889893,0,889.6760254,7.3204699,0,17.2590008,648.4630127,33.8123016,0.816349,-0.577559,0,0,0,0,0,0,0,35,0,1496005.52024,4946481.94945999
146,146,601.9089966,0,888.78302,7.4344602,0,17.3810997,648.3319702,32.3935013,0.624088,0.781354,0,0,0,0,0,0,0,35,0,1496105.52024,4946481.94945999
147,147,565.4520264,0,887.8779907,7.61374,0,17.5730991,648.2369995,32.2653008,-0.16069,0.987005,0,0,0,0,0,0,0,35,0,1496205.52024,4946481.94945999
148,148,599.882019,0,886.9609985,7.4444299,0,17.3917999,648.1530151,12.7715998,0.769275,0.638917,0,0,0,0,0,0,0,35,0,1496305.52024,4946481.94945999
149,149,558.3809814,0,886.0319824,7.64851,0,17.6103001,648.0670166,29.4048996,-0.997711,-0.0676226,0,0,0,0,0,0,0,35,0,1496405.52024,4946481.94945999
150,150,541.4039917,0,885.0910034,7.7319999,0,17.6998005,648.007019,17.0338993,0.9567,0.291074,0,0,0,0,0,0,0,35,0,1496505.52024,4946481.94945999
151,151,522.8549805,0,884.1400146,7.8232198,0,17.7975006,647.8800049,27.8139,-0.52655,0.850144,0,0,0,0,0,0,0,35,0,1496605.52024,4946481.94945999
152,152,519.440979,0,883.177002,7.8400102,0,17.8155003,647.8129883,19.7602005,0.6864,-0.727224,0,0,0,0,0,0,0,35,0,1496705.52024,4946481.94945999
153,153,527.5750122,0,882.2050171,7.8000102,0,17.7726002,647.7399902,26.9818993,-0.984403,-0.175928,0,0,0,0,0,0,0,35,0,1496805.52024,4946481.94945999
154,154,411.5,0,903.6530151,8.37082,0,18.3840008,650.0059814,15.7420998,-0.484014,0.87506,0,0,0,0,0,0,34,0,0,1494305.52024,4946381.94945999
155,155,409.2520142,0,902.9489746,8.3818703,0,18.3957996,649.9459839,27.7033005,0.861432,0.507872,0,0,0,0,0,0,0,35,0,1494405.52024,4946381.94945999
156,156,441.9379883,0,902.2319946,8.2211399,0,18.2236004,649.8900146,12.5530005,0.309568,0.950877,0,0,0,0,0,0,0,35,0,1494505.52024,4946381.94945999
157,157,454.973999,0,901.5020142,8.1570301,0,18.1550007,649.8280029,14.2199001,0.0991701,-0.995071,0,0,0,0,0,0,0,35,0,1494605.52024,4946381.94945999
158,158,427.2489929,0,900.7579956,8.2933702,0,18.3010006,649.7150269,24.0543995,-0.862229,0.506518,0,0,0,0,0,0,0,35,0,1494705.52024,4946381.94945999
159,159,368.4670105,0,900.0029907,8.5824404,0,18.6105995,649.6710205,23.7607002,0.655891,0.754855,0,0,0,0,0,0,0,35,0,1494805.52024,4946381.94945999
160,160,379.6839905,0,899.2340088,8.5272799,0,18.5515003,649.6420288,28.5575008,0.88016,0.474676,0,0,0,0,0,0,34,0,0,1494905.52024,4946381.94945999
161,161,440.0130005,0,898.4539795,8.2306004,0,18.2338009,649.552002,31.6329994,0.692263,0.721645,0,0,0,0,0,0,34,0,0,1495005.52024,4946381.94945999
162,162,480.5799866,0,897.6610107,8.0311098,0,18.0200996,649.5209961,26.5702991,0.519017,0.854764,0,0,0,0,0,0,0,0,37,1495105.52024,4946381.94945999
163,163,471.2890015,0,896.8569946,8.0768003,0,18.0690994,649.3950195,30.7077999,-0.925497,0.378756,0,0,0,0,0,0,0,35,0,1495205.52024,4946381.94945999
164,164,439.6740112,0,896.0410156,8.2322702,0,18.2355995,649.3339844,36.469101,0.720341,0.69362,0,0,0,0,0,0,0,0,37,1495305.52024,4946381.94945999
165,165,392.4899902,0,895.2130127,8.4643002,0,18.4841003,649.2579956,30.5144005,0.645856,-0.763459,0,0,0,0,0,0,0,35,0,1495405.52024,4946381.94945999
166,166,419.651001,0,894.3729858,8.33074,0,18.3409996,649.1680298,28.0326996,-0.987396,0.158268,0,0,0,0,0,0,0,35,0,1495505.52024,4946381.94945999
167,167,461.901001,0,893.5170288,8.1229601,0,18.1184998,649.098999,29.4831009,0.547252,-0.836968,0,0,0,0,0,0,0,35,0,1495605.52024,4946381.94945999
168,168,529.9219971,0,892.6469727,7.7884698,0,17.7602997,649.0150146,32.9420013,-0.277779,0.960645,0,0,0,0,0,0,0,35,0,1495705.52024,4946381.94945999
169,169,588.973999,0,891.7630005,7.4980698,0,17.4491997,648.9249878,20.2549992,-0.953043,0.302835,0,0,0,0,0,0,0,35,0,1495805.52024,4946381.94945999
170,170,628.6849976,0,890.8649902,7.3027902,0,17.2401009,648.8629761,10.9794998,0.979019,-0.203768,0,0,0,0,0,0,0,35,0,1495905.52024,4946381.94945999
171,171,567.9429932,0,889.9550171,7.60149,0,17.5599995,648.7860107,38.8662987,0.890944,0.454114,0,0,0,0,0,0,0,35,0,1496005.52024,4946381.94945999
172,172,538.4450073,0,889.0310059,7.7465501,0,17.7152996,648.6939697,24.1142998,0.906822,0.421515,0,0,0,0,0,0,0,35,0,1496105.52024,4946381.94945999
173,173,513.065979,0,888.0949707,7.8713598,0,17.8490009,648.5910034,23.9076996,0.988429,0.151685,0,0,0,0,0,0,0,35,0,1496205.52024,4946381.94945999
174,174,569.6019897,0,887.1469727,7.5933299,0,17.5513,648.4910278,35.2038994,0.338452,0.940984,0,0,0,0,0,0,0,35,0,1496305.52024,4946381.94945999
175,175,569.1309814,0,886.1879883,7.5956502,0,17.5536995,648.3909912,23.3297997,0.994202,-0.107526,0,0,0,0,0,0,0,35,0,1496405.52024,4946381.94945999
176,176,518.3989868,0,885.21698,7.84513,0,17.8209,648.3430176,38.3927994,0.999916,-0.0129567,0,0,0,0,0,0,0,35,0,1496505.52024,4946381.94945999
177,177,464.151001,0,884.2360229,8.1119003,0,18.1065998,648.2009888,15.6503,0.811473,0.58439,0,0,0,0,0,0,0,35,0,1496605.52024,4946381.94945999
178,178,472.4710083,0,883.2449951,8.0709801,0,18.0627995,648.1240234,23.0914993,-0.648734,0.761015,0,0,0,0,0,0,0,35,0,1496705.52024,4946381.94945999
179,179,528.4500122,0,882.242981,7.7957001,0,17.7679996,648.0230103,26.1840992,0.965339,0.260998,0,0,0,0,0,0,0,35,0,1496805.52024,4946381.94945999
180,180,566.1489868,0,881.1110229,7.6103201,0,17.5694008,647.3809814,34.4742012,0.992054,0.125816,0,0,0,0,0,0,0,35,0,1496905.52024,4946581.94945999
181,181,623.348999,0,880.1469727,7.32903,0,17.2681999,647.2780151,25.4766998,-0.620562,0.784158,0,0,0,0,0,0,0,35,0,1497005.52024,4946581.94945999
182,182,647.0139771,0,879.1740112,7.2126498,0,17.1434994,647.1719971,25.1056995,-0.437667,0.899137,0,0,0,0,0,0,0,35,0,1497105.52024,4946581.94945999
183,183,677.052002,0,878.1920166,7.06494,0,16.9853001,647.0910034,18.4335003,-0.999828,0.0185417,0,0,0,0,0,0,0,35,0,1497205.52024,4946581.94945999
184,184,579.5949707,0,881.2219849,7.5441899,0,17.4986,647.6569824,20.6653004,0.903922,0.427697,0,0,0,0,0,0,0,35,0,1496905.52024,4946481.94945999
185,185,585.5510254,0,880.2310181,7.5149002,0,17.4673004,647.5620117,28.8258991,0.946423,0.322931,0,0,0,0,0,0,0,35,0,1497005.52024,4946481.94945999
186,186,605.0310059,0,879.2299805,7.4191098,0,17.3647003,647.447998,21.7502003,0.972639,0.23232,0,0,0,0,0,0,0,35,0,1497105.52024,4946481.94945999
187,187,641.2750244,0,878.2210083,7.24087,0,17.1737003,647.3400269,16.3031998,0.979729,-0.200325,0,0,0,0,0,0,0,35,0,1497205.52024,4946481.94945999
188,188,687.4099731,0,877.2030029,7.0139999,0,16.9307995,647.2579956,18.4706993,-0.952721,0.303848,0,0,0,0,0,0,0,35,0,1497305.52024,4946481.94945999
189,189,547.5189819,0,881.2319946,7.70193,0,17.6676006,647.9299927,33.4048996,0.991631,0.129103,0,0,0,0,0,0,0,35,0,1496905.52024,4946381.94945999
190,190,606.3770142,0,880.2130127,7.4124899,0,17.3575993,647.8510132,29.0230007,0.286319,0.958134,0,0,0,0,0,0,0,35,0,1497005.52024,4946381.94945999
191,191,622.2529907,0,879.184021,7.3344202,0,17.2738991,647.742981,18.6068993,0.997244,0.074192,0,0,0,0,0,0,0,35,0,1497105.52024,4946381.94945999
192,192,660.6929932,0,878.1469727,7.14539,0,17.0715008,647.6170044,29.1821995,0.0837146,-0.99649,0,0,0,0,0,0,0,35,0,1497205.52024,4946381.94945999
193,193,703.9210205,0,877.1030273,6.9328098,0,16.8437996,647.4979858,25.4466991,-0.606715,0.794919,0,0,0,0,0,0,0,35,0,1497305.52024,4946381.94945999
194,194,519.3220215,0,906.315979,7.84059,0,17.8160992,650.5560303,20.1126995,0.362588,-0.931949,0,0,0,0,0,0,0,35,0,1494005.52024,4946281.94945999
195,195,457.006012,0,905.6370239,8.1470404,0,18.1443005,650.5040283,34.3311005,-0.446401,-0.894833,0,0,0,0,0,0,0,35,0,1494105.52024,4946281.94945999
196,196,425.4620056,0,904.9450073,8.3021603,0,18.3104,650.4199829,13.3889999,-0.997748,0.0670791,0,0,0,0,0,0,0,35,0,1494205.52024,4946281.94945999
197,197,469.3569946,0,906.2290039,8.0862999,0,18.0792007,650.9089966,34.7058983,0.859489,0.511154,0,0,0,0,0,0,0,35,0,1494105.52024,4946181.94945999
198,198,427.2529907,0,905.5200195,8.2933502,0,18.3010006,650.8469849,13.0822001,-0.326404,0.94523,0,0,0,0,0,0,34,0,0,1494205.52024,4946181.94945999
199,199,497.4869995,0,906.7960205,7.9479699,0,17.9311008,651.3259888,42.5495987,-0.0805726,0.996749,0,0,0,0,0,0,0,35,0,1494105.52024,4946081.94945999
200,200,445.3859863,0,906.0709839,8.2041798,0,18.2054996,651.28302,27.4591007,-0.975604,0.219537,0,0,0,0,0,0,34,0,0,1494205.52024,4946081.94945999
201,201,400.5230103,0,904.2379761,8.4247999,0,18.4417992,650.3809814,16.1091995,0.774829,-0.632171,0,0,0,0,0,0,34,0,0,1494305.52024,4946281.94945999
202,202,380.0079956,0,903.5180054,8.5256796,0,18.5498009,650.3590088,7.49333,0.82295,-0.568114,0,0,0,0,0,0,34,0,0,1494405.52024,4946281.94945999
203,203,410.2070007,0,902.7849731,8.3771801,0,18.3908005,650.302002,28.2168007,-0.587163,-0.809469,0,0,0,0,0,0,0,35,0,1494505.52024,4946281.94945999
204,204,433.1749878,0,902.0390015,8.2642298,0,18.2698002,650.1939697,23.5986004,-0.99992,-0.0126611,0,0,0,0,0,0,0,35,0,1494605.52024,4946281.94945999
205,205,421.9519958,0,901.2789917,8.3194199,0,18.3288994,650.1400146,23.3265991,0.834519,0.550979,0,0,0,0,0,0,0,0,37,1494705.52024,4946281.94945999
206,206,368.5100098,0,900.5079956,8.5822296,0,18.6103992,650.0499878,31.7900009,-0.996305,0.0858835,0,0,0,0,0,0,0,0,37,1494805.52024,4946281.94945999
207,207,367.1270142,0,899.723999,8.5890303,0,18.6177006,650.0120239,30.9456005,-0.817046,-0.576572,0,0,0,0,0,0,34,0,0,1494905.52024,4946281.94945999
208,208,422.7080078,0,898.927002,8.3156996,0,18.3248997,649.927002,17.6499004,-0.344469,-0.938798,0,0,0,0,0,0,34,0,0,1495005.52024,4946281.94945999
209,209,444.0010071,0,898.1160278,8.21099,0,18.2127991,649.8449707,22.1389008,-0.885093,-0.465414,0,0,0,0,0,0,0,0,37,1495105.52024,4946281.94945999
210,210,421.5180054,0,897.2890015,8.3215504,0,18.3311996,649.7739868,30.9442005,0.406891,-0.913477,0,0,0,0,0,0,0,0,37,1495205.52024,4946281.94945999
211,211,385.7449951,0,896.4459839,8.4974699,0,18.5195999,649.7050171,35.1217003,0.0866309,-0.99624,0,0,0,0,0,0,0,0,37,1495305.52024,4946281.94945999
212,212,367.4089966,0,895.5869751,8.5876398,0,18.6161995,649.6049805,28.6135998,-0.912984,0.407996,0,0,0,0,0,0,0,35,0,1495405.52024,4946281.94945999
213,213,441.355011,0,894.7130127,8.224,0,18.2266998,649.5390015,41.4323006,0.6678,0.744341,0,0,0,0,0,0,0,35,0,1495505.52024,4946281.94945999
214,214,490.526001,0,893.8250122,7.9822001,0,17.9676991,649.4450073,27.0643005,0.822259,-0.569113,0,0,0,0,0,0,0,35,0,1495605.52024,4946281.94945999
215,215,536.8319702,0,892.9219971,7.7544799,0,17.7238998,649.3530273,24.4528999,0.833736,-0.552164,0,0,0,0,0,0,0,35,0,1495705.52024,4946281.94945999
216,216,590.0750122,0,892.0059814,7.49266,0,17.4433994,649.276001,29.0981998,0.988785,-0.149346,0,0,0,0,0,0,0,35,0,1495805.52024,4946281.94945999
217,217,611.197998,0,891.0759888,7.3887801,0,17.3321991,649.210022,21.3341007,0.868312,-0.496018,0,0,0,0,0,0,0,35,0,1495905.52024,4946281.94945999
218,218,547.3519897,0,890.1329956,7.7027502,0,17.6683998,649.1099854,33.8451996,-0.567146,0.823617,0,0,0,0,0,0,0,35,0,1496005.52024,4946281.94945999
219,219,482.7269897,0,889.1779785,8.0205498,0,18.0088005,649.0310059,19.5977001,0.776223,-0.630458,0,0,0,0,0,0,0,35,0,1496105.52024,4946281.94945999
220,220,473.4089966,0,888.2109985,8.0663795,0,18.0578995,648.9199829,20.5146999,0.837867,-0.545875,0,0,0,0,0,0,0,35,0,1496205.52024,4946281.94945999
221,221,544.3809814,0,887.2329712,7.71736,0,17.6840992,648.7999878,36.1945992,-0.0187125,-0.999825,0,0,0,0,0,0,0,35,0,1496305.52024,4946281.94945999
222,222,514.0310059,0,886.242981,7.8666101,0,17.8439007,648.7349854,35.9570007,-0.946263,-0.323397,0,0,0,0,0,0,0,35,0,1496405.52024,4946281.94945999
223,223,478.0130005,0,885.2420044,8.0437298,0,18.0335999,648.6279907,28.8983994,-0.0184331,-0.99983,0,0,0,0,0,0,0,35,0,1496505.52024,4946281.94945999
224,224,444.1459961,0,884.2319946,8.2102804,0,18.2119999,648.5120239,32.0285988,-0.76634,-0.642435,0,0,0,0,0,0,0,35,0,1496605.52024,4946281.94945999
225,225,454.8760071,0,883.2109985,8.1575098,0,18.1555004,648.4249878,24.0905991,0.697685,0.716405,0,0,0,0,0,0,0,35,0,1496705.52024,4946281.94945999
226,226,494.821991,0,882.1810303,7.9610701,0,17.9451008,648.3170166,25.9008999,-0.930498,-0.366298,0,0,0,0,0,0,0,35,0,1496805.52024,4946281.94945999
227,227,385.9349976,0,904.7979736,8.4965401,0,18.5186005,650.7999878,18.7350006,0.312082,0.950055,0,0,0,0,0,0,0,35,0,1494305.52024,4946181.94945999
228,228,364.6239929,0,904.0620117,8.6013403,0,18.6308994,650.7470093,12.9631996,-0.0358628,0.999357,0,0,0,0,0,0,34,0,0,1494405.52024,4946181.94945999
229,229,353.4320068,0,903.3129883,8.6563702,0,18.6898003,650.684021,19.7119007,0.102673,0.994715,0,0,0,0,0,0,0,35,0,1494505.52024,4946181.94945999
230,230,377.5499878,0,902.5510254,8.5377703,0,18.5627995,650.6079712,33.9556007,0.801662,-0.597778,0,0,0,0,0,0,0,35,0,1494605.52024,4946181.94945999
231,231,396.7730103,0,901.7739868,8.4432402,0,18.4615002,650.5219727,22.0629005,0.825793,0.563974,0,0,0,0,0,0,0,0,37,1494705.52024,4946181.94945999
232,232,351.3450012,0,900.9799805,8.6666403,0,18.7007999,650.4429932,28.2127991,0.958486,0.285139,0,0,0,0,0,0,0,0,37,1494805.52024,4946181.94945999
233,233,364.1960144,0,900.1680298,8.6034403,0,18.6331005,650.3400269,35.0892982,0.805192,-0.593015,0,0,0,0,0,0,34,0,0,1494905.52024,4946181.94945999
234,234,378.1059875,0,899.3389893,8.5350304,0,18.5599003,650.2999878,27.1555996,0.981715,0.190357,0,0,0,0,0,0,34,0,0,1495005.52024,4946181.94945999
235,235,391.0539856,0,898.492981,8.4713602,0,18.4916992,650.2180176,28.5918007,0.838515,-0.544879,0,0,0,0,0,0,34,0,0,1495105.52024,4946181.94945999
236,236,377.6239929,0,897.6309814,8.5374098,0,18.5624008,650.1309814,33.489399,0.999722,0.0235933,0,0,0,0,0,0,0,0,37,1495205.52024,4946181.94945999
237,237,334.9030151,0,896.7540283,8.7474899,0,18.7873993,650.0549927,18.6608009,-0.022952,0.999736,0,0,0,0,0,0,0,35,0,1495305.52024,4946181.94945999
238,238,396.9320068,0,895.8619995,8.4424601,0,18.4606991,649.9660034,41.9592018,0.888571,0.458739,0,0,0,0,0,0,0,35,0,1495405.52024,4946181.94945999
239,239,468.4660034,0,894.9539795,8.0906801,0,18.0839005,649.875,31.7534008,0.185902,-0.982568,0,0,0,0,0,0,0,35,0,1495505.52024,4946181.94945999
240,240,515.1420288,0,894.03302,7.8611498,0,17.8381004,649.8040161,21.8771992,0.341073,0.940037,0,0,0,0,0,0,0,35,0,1495605.52024,4946181.94945999
241,241,547.1030273,0,893.0969849,7.70398,0,17.6697998,649.7039795,20.4440002,-0.112928,0.993603,0,0,0,0,0,0,0,35,0,1495705.52024,4946181.94945999
242,242,542.2109985,0,892.1480103,7.7280302,0,17.6954994,649.6380005,41.5419006,0.989819,0.142333,0,0,0,0,0,0,0,35,0,1495805.52024,4946181.94945999
243,243,572.5159912,0,891.1870117,7.579,0,17.5359001,649.5020142,33.0102997,-0.346487,0.938055,0,0,0,0,0,0,0,35,0,1495905.52024,4946181.94945999
244,244,527.3770142,0,890.2119751,7.8009801,0,17.7735996,649.4130249,36.8931007,0.67872,0.734397,0,0,0,0,0,0,0,35,0,1496005.52024,4946181.94945999
245,245,466.7070007,0,889.2260132,8.0993299,0,18.0932007,649.3480225,30.9634991,0.836694,0.54767,0,0,0,0,0,0,0,35,0,1496105.52024,4946181.94945999
246,246,450.70401,0,888.2280273,8.17803,0,18.1774998,649.257019,36.2612,0.930467,-0.366376,0,0,0,0,0,0,0,35,0,1496205.52024,4946181.94945999
247,247,515.7990112,0,887.2189941,7.8579202,0,17.8346004,649.1420288,23.8412991,-0.876311,0.481746,0,0,0,0,0,0,0,35,0,1496305.52024,4946181.94945999
248,248,477.7860107,0,886.197998,8.0448503,0,18.0347996,649.026001,37.6917,0.977385,0.211468,0,0,0,0,0,0,0,35,0,1496405.52024,4946181.94945999
249,249,429.5750122,0,885.1680298,8.28193,0,18.2887993,648.9390259,30.2761993,0.330855,0.943682,0,0,0,0,0,0,0,35,0,1496505.52024,4946181.94945999
250,250,434.9909973,0,884.1279907,8.2552996,0,18.2602005,648.8140259,38.3050003,-0.657952,0.75306,0,0,0,0,0,0,0,35,0,1496605.52024,4946181.94945999
251,251,495.553009,0,883.0780029,7.95748,0,17.9412994,648.7160034,32.0438004,0.18146,-0.983398,0,0,0,0,0,0,0,35,0,1496705.52024,4946181.94945999
252,252,551.0430298,0,882.0180054,7.6845999,0,17.6490002,648.6079712,34.4164009,-0.885684,0.464289,0,0,0,0,0,0,0,35,0,1496805.52024,4946181.94945999
253,253,411.57901,0,905.3330078,8.37043,0,18.3836002,651.2109985,33.0051994,-0.737985,-0.674817,0,0,0,0,0,0,0,35,0,1494305.52024,4946081.94945999
254,254,365.5050049,0,904.5759888,8.5970001,0,18.6261997,651.0980225,24.1851997,-0.0198105,0.999804,0,0,0,0,0,0,0,35,0,1494405.52024,4946081.94945999
255,255,341.0809937,0,903.8010254,8.7171097,0,18.7549,651.065979,11.2979002,0.731415,-0.681933,0,0,0,0,0,0,34,0,0,1494505.52024,4946081.94945999
256,256,329.0650024,0,903.0059814,8.7762003,0,18.8181,650.9970093,19.2980995,-0.590005,0.8074,0,0,0,0,0,0,0,35,0,1494605.52024,4946081.94945999
257,257,347.8599854,0,902.1939697,8.6837702,0,18.7192001,650.934021,28.9414997,0.763328,0.646011,0,0,0,0,0,0,0,35,0,1494705.52024,4946081.94945999
258,258,336.2780151,0,901.3640137,8.7407303,0,18.7801991,650.8460083,27.2868996,-0.963572,0.26745,0,0,0,0,0,0,0,0,37,1494805.52024,4946081.94945999
259,259,335.8129883,0,900.5159912,8.7430201,0,18.7826004,650.7310181,20.4190998,0.870413,-0.492321,0,21,0,0,0,0,0,0,0,1494905.52024,4946081.94945999
260,260,327.2690125,0,899.6519775,8.7850399,0,18.8276005,650.6539917,26.0321999,0.888179,0.459498,0,0,0,0,0,0,34,0,0,1495005.52024,4946081.94945999
261,261,338.2359924,0,898.7719727,8.7311001,0,18.7698002,650.5750122,28.7502003,-0.3358,-0.941933,0,0,0,0,0,0,34,0,0,1495105.52024,4946081.94945999
262,262,330.428009,0,897.875,8.7694998,0,18.8110008,650.53302,35.6521988,0.752415,-0.658689,0,0,0,0,0,0,0,0,37,1495205.52024,4946081.94945999
263,263,349.2179871,0,896.9639893,8.6771002,0,18.7119999,650.4299927,40.6286011,-0.466708,0.884411,0,0,0,0,0,0,0,35,0,1495305.52024,4946081.94945999
264,264,418.6390076,0,896.0369873,8.3357096,0,18.3463993,650.3519897,29.6609001,-0.862512,0.506037,0,0,0,0,0,0,0,35,0,1495405.52024,4946081.94945999
265,265,456.6740112,0,895.0969849,8.1486702,0,18.1459999,650.2130127,28.6289997,0.350284,0.936643,0,0,0,0,0,0,0,35,0,1495505.52024,4946081.94945999
266,266,487.9509888,0,894.1420288,7.9948602,0,17.9813004,650.1519775,23.8539009,-0.0687415,-0.997634,0,0,0,0,0,0,0,35,0,1495605.52024,4946081.94945999
267,267,487.5409851,0,893.1740112,7.9968801,0,17.9834995,650.0750122,34.4850998,-0.386271,-0.922386,0,0,0,0,0,0,34,0,0,1495705.52024,4946081.94945999
268,268,481.4289856,0,892.1920166,8.0269299,0,18.0156002,649.9439697,28.0132008,-0.458557,-0.888665,0,0,0,0,0,0,0,35,0,1495805.52024,4946081.94945999
269,269,512.6660156,0,891.197998,7.8733201,0,17.8511009,649.8629761,35.7238007,-0.618342,0.785909,0,0,0,0,0,0,0,35,0,1495905.52024,4946081.94945999
270,270,495.2690125,0,890.1920166,7.9588799,0,17.9428005,649.7630005,29.7460003,-0.49648,0.868048,0,0,0,0,0,0,0,35,0,1496005.52024,4946081.94945999
271,271,439.9410095,0,889.1740112,8.2309599,0,18.2341995,649.6409912,36.5446014,0.876747,-0.480951,0,0,0,0,0,0,0,35,0,1496105.52024,4946081.94945999
272,272,403.5809937,0,888.1450195,8.4097605,0,18.4256992,649.5599976,34.8415985,0.576992,0.81675,0,0,0,0,0,0,0,35,0,1496205.52024,4946081.94945999
273,273,462.4320068,0,887.1049805,8.1203499,0,18.1156998,649.4329834,34.1889,0.933957,0.357385,0,0,0,0,0,0,0,35,0,1496305.52024,4946081.94945999
274,274,428.6099854,0,886.0549927,8.2866802,0,18.2938004,649.3670044,39.0051994,0.704739,-0.709467,0,0,0,0,0,0,0,35,0,1496405.52024,4946081.94945999
275,275,388.625,0,884.9940186,8.4833097,0,18.5044003,649.2410278,23.4461994,0.501482,-0.865168,0,0,0,0,0,0,0,35,0,1496505.52024,4946081.94945999
276,276,453.1799927,0,883.9240112,8.1658497,0,18.1644001,649.1199951,39.9267006,-0.0426685,0.999089,0,0,0,0,0,0,0,35,0,1496605.52024,4946081.94945999
277,277,525.7949829,0,882.8439941,7.8087602,0,17.7819996,649.0059814,33.4314003,-0.969945,-0.243326,0,0,0,0,0,0,0,35,0,1496705.52024,4946081.94945999
278,278,578.5859985,0,881.7559814,7.54916,0,17.5039005,648.9030151,18.4738007,-0.655318,-0.755353,0,0,0,0,0,0,0,35,0,1496805.52024,4946081.94945999
279,279,558.5390015,0,881.1409912,7.6477399,0,17.6095009,648.2189941,32.6442986,0.992348,0.123474,0,0,0,0,0,0,0,35,0,1496905.52024,4946281.94945999
280,280,612.8280029,0,880.0939941,7.3807702,0,17.3236008,648.1450195,31.0330009,0.694393,0.719596,0,0,0,0,0,0,0,35,0,1497005.52024,4946281.94945999
281,281,661.4869995,0,879.0369873,7.14148,0,17.0673008,648.0159912,21.2908001,-0.977423,-0.211293,0,0,0,0,0,0,0,35,0,1497105.52024,4946281.94945999
282,282,693.2390137,0,877.9730225,6.9853301,0,16.9001007,647.9249878,26.0025997,0.804327,0.594187,0,0,0,0,0,0,0,35,0,1497205.52024,4946281.94945999
283,283,736.7050171,0,876.901001,6.7715902,0,16.6711006,647.8099976,35.7468987,0.709393,-0.704813,0,0,0,0,0,0,0,35,0,1497305.52024,4946281.94945999
284,284,576.6350098,0,880.9500122,7.5587502,0,17.5142002,648.4979858,32.5196991,-0.999939,0.0110094,0,0,0,0,0,0,0,35,0,1496905.52024,4946181.94945999
285,285,616.4089966,0,879.8740234,7.3631601,0,17.3047009,648.3829956,34.7956009,-0.567515,0.823363,0,0,0,0,0,0,0,35,0,1497005.52024,4946181.94945999
286,286,671.09198,0,878.789978,7.0942502,0,17.0167007,648.2490234,33.6166,0.533283,0.845937,0,0,0,0,0,0,0,35,0,1497105.52024,4946181.94945999
287,287,724.8729858,0,877.697998,6.8297701,0,16.7334003,648.1710205,34.7439003,-0.943518,0.331321,0,0,0,0,0,0,0,35,0,1497205.52024,4946181.94945999
288,288,782.9349976,0,876.598999,6.54425,0,16.4276009,648.0819702,24.507,-0.995253,-0.0973234,0,0,0,0,0,0,0,35,0,1497305.52024,4946181.94945999
289,289,610.5540161,0,880.6599731,7.3919501,0,17.3355999,648.7849731,32.575901,-0.148742,-0.988876,0,0,0,0,0,0,0,35,0,1496905.52024,4946081.94945999
290,290,662.2340088,0,879.5549927,7.1378102,0,17.0634003,648.6610107,28.1511993,-0.742778,-0.669538,0,0,0,0,0,0,0,35,0,1497005.52024,4946081.94945999
291,291,699.026001,0,878.4429932,6.9568801,0,16.8696003,648.5490112,29.9326,-0.78765,-0.616122,0,0,0,0,0,0,0,35,0,1497105.52024,4946081.94945999
292,292,746.8579712,0,877.3239746,6.7216601,0,16.6175995,648.473999,23.8276997,0.907031,-0.421064,0,0,0,0,0,0,0,35,0,1497205.52024,4946081.94945999
293,293,773.7750244,0,876.1970215,6.5892901,0,16.4759007,648.3400269,26.1735001,-0.440703,-0.897653,0,0,0,0,0,0,0,35,0,1497305.52024,4946081.94945999
294,294,788.4210205,0,875.0650024,6.5172701,0,16.3987007,648.2329712,25.8771,-0.246245,-0.969208,0,0,0,0,0,0,0,35,0,1497405.52024,4946081.94945999
295,295,455.2550049,0,848.3720093,8.1556501,0,18.1534996,645.2709961,18.3997993,-0.795955,0.605356,0,0,0,0,0,0,34,0,0,1500405.52024,4946081.94945999
296,296,466.3210144,0,847.8720093,8.1012297,0,18.0951996,645.2130127,14.3825998,0.224427,-0.974491,0,0,0,0,0,0,34,0,0,1500505.52024,4946081.94945999
297,297,477.5360107,0,847.4019775,8.0460796,0,18.0361996,645.1660156,13.4280996,-0.983235,-0.182341,0,0,0,0,0,0,34,0,0,1500605.52024,4946081.94945999
298,298,510.6180115,0,907.3309937,7.8833899,0,17.8619003,651.7449951,37.1682014,-0.746278,-0.665635,0,0,0,0,0,0,0,35,0,1494105.52024,4945981.94945999
299,299,428.8649902,0,906.5759888,8.28543,0,18.2924995,651.6799927,39.9407997,0.66458,0.747217,0,0,0,0,0,0,0,35,0,1494205.52024,4945981.94945999
300,300,543.9650269,0,908.5510254,7.7194099,0,17.6863003,652.2269897,20.1963997,-0.611521,0.791228,0,0,0,0,0,0,0,35,0,1494005.52024,4945881.94945999
301,301,490.1610107,0,907.7789917,7.9839902,0,17.9696999,652.15802,36.1444016,-0.731776,-0.681545,0,0,0,0,0,0,0,35,0,1494105.52024,4945881.94945999
302,302,408.5090027,0,906.9860229,8.3855305,0,18.3997002,652.1030273,41.2472,-0.922472,-0.386064,0,0,0,0,0,0,0,35,0,1494205.52024,4945881.94945999
303,303,529.6099854,0,908.940979,7.79,0,17.7618999,652.65802,25.2542,0.0240668,-0.99971,0,0,0,0,0,0,0,35,0,1494005.52024,4945781.94945999
304,304,458.2399902,0,908.1309814,8.1409702,0,18.1378002,652.6190186,33.5583,-0.463952,-0.88586,0,0,0,0,0,0,0,35,0,1494105.52024,4945781.94945999
305,305,391.9880066,0,907.2999878,8.4667702,0,18.4867001,652.5209961,38.9687004,0.629219,0.777228,0,0,0,0,0,0,0,35,0,1494205.52024,4945781.94945999
306,306,386.375,0,905.802002,8.4943705,0,18.5163002,651.6030273,33.5695,-0.0185406,0.999828,0,0,0,0,0,0,0,35,0,1494305.52024,4945981.94945999
307,307,353.3389893,0,905.0079956,8.6568298,0,18.6903,651.5130005,36.7405014,-0.871162,0.490996,0,0,0,0,0,0,0,35,0,1494405.52024,4945981.94945999
308,308,337.8049927,0,904.1959839,8.7332201,0,18.7721004,651.4379883,33.8325005,0.721802,-0.6921,0,0,0,0,0,0,34,0,0,1494505.52024,4945981.94945999
309,309,324.0029907,0,903.3649902,8.8010902,0,18.8448009,651.375,18.2684002,0.131205,0.991355,0,0,0,0,0,0,0,35,0,1494605.52024,4945981.94945999
310,310,311.9429932,0,902.5159912,8.8604002,0,18.9083004,651.309021,15.1876001,-0.677232,-0.735769,0,0,0,0,0,0,0,0,37,1494705.52024,4945981.94945999
311,311,308.7669983,0,901.6500244,8.8760204,0,18.9251003,651.2139893,12.5418997,-0.286016,0.958225,0,0,0,0,0,0,0,0,37,1494805.52024,4945981.94945999
312,312,303.3460083,0,900.7670288,8.9026699,0,18.9535999,651.1220093,11.6423998,0.229271,0.973363,0,21,0,0,0,0,0,0,0,1494905.52024,4945981.94945999
313,313,299.5799866,0,899.867981,8.9211903,0,18.9734001,651.0419922,6.1830201,0.475441,0.879747,10,0,0,0,0,0,0,0,0,1495005.52024,4945981.94945999
314,314,299.6270142,0,898.9520264,8.92097,0,18.9731998,650.9689941,12.7251997,-0.948321,-0.317311,10,0,0,0,0,0,0,0,0,1495105.52024,4945981.94945999
315,315,303.6459961,0,898.0209961,8.9012003,0,18.9519997,650.882019,16.0750008,0.732771,0.680475,10,0,0,0,0,0,0,0,0,1495205.52024,4945981.94945999
316,316,351.3420105,0,897.0759888,8.6666498,0,18.7007999,650.7800293,30.8274002,0.630297,0.776354,0,0,0,0,0,0,0,35,0,1495305.52024,4945981.94945999
317,317,390.5280151,0,896.1149902,8.4739504,0,18.4944,650.690979,30.5725002,0.995656,-0.0931084,0,0,0,0,0,0,0,35,0,1495405.52024,4945981.94945999
318,318,419.0180054,0,895.1409912,8.3338499,0,18.3444004,650.5939941,33.0060005,-0.992536,0.121952,0,0,0,0,0,0,0,35,0,1495505.52024,4945981.94945999
319,319,434.605011,0,894.1530151,8.2572002,0,18.2623005,650.4769897,35.6430016,0.240037,0.970764,0,0,0,0,0,0,34,0,0,1495605.52024,4945981.94945999
320,320,425.4129944,0,893.1519775,8.3023996,0,18.3106995,650.3969727,26.6238995,-0.157254,-0.987558,0,0,0,0,0,0,0,35,0,1495705.52024,4945981.94945999
321,321,427.45401,0,892.1380005,8.2923603,0,18.2999001,650.3099976,25.4664001,-0.995884,-0.0906314,0,0,0,0,0,0,0,35,0,1495805.52024,4945981.94945999
322,322,466.0780029,0,891.1119995,8.1024199,0,18.0965004,650.1870117,36.6136017,0.429068,0.903272,0,0,0,0,0,0,0,35,0,1495905.52024,4945981.94945999
323,323,475.3070068,0,890.0739746,8.0570402,0,18.0478992,650.0720215,25.6399002,0.97548,-0.220087,0,0,0,0,0,0,0,35,0,1496005.52024,4945981.94945999
324,324,411.9049988,0,889.0239868,8.3688202,0,18.3817997,649.9680176,37.5839996,0.811076,-0.58494,0,0,0,0,0,0,0,35,0,1496105.52024,4945981.94945999
325,325,362.6400146,0,887.9639893,8.6110897,0,18.6413002,649.8649902,26.8073997,-0.215892,0.976417,0,0,0,0,0,0,0,35,0,1496205.52024,4945981.94945999
326,326,404.177002,0,886.8930054,8.4068298,0,18.4225006,649.7639771,29.1728992,0.973386,-0.229174,0,0,0,0,0,0,0,0,37,1496305.52024,4945981.94945999
327,327,363.6210022,0,885.8120117,8.6062698,0,18.6361008,649.6589966,35.6090012,-0.822731,-0.568431,0,0,0,0,0,0,0,0,37,1496405.52024,4945981.94945999
328,328,407.3039856,0,884.7219849,8.3914499,0,18.4060993,649.5419922,33.9776993,-0.310731,-0.950498,0,0,0,0,0,0,0,35,0,1496505.52024,4945981.94945999
329,329,466.8670044,0,883.6220093,8.0985498,0,18.0923996,649.4329834,34.8694992,-0.860575,-0.509323,0,0,0,0,0,0,0,35,0,1496605.52024,4945981.94945999
330,330,523.0819702,0,882.5130005,7.8221002,0,17.7963009,649.3200073,31.0424004,0.605953,0.795501,0,0,0,0,0,0,0,35,0,1496705.52024,4945981.94945999
331,331,575.9310303,0,881.3959961,7.5622101,0,17.5179005,649.1900024,26.6958008,0.977622,-0.210371,0,0,0,0,0,0,0,35,0,1496805.52024,4945981.94945999
332,332,342.2659912,0,906.1740112,8.7112799,0,18.7486,652.0120239,30.8894997,0.854784,0.518984,0,0,0,0,0,0,0,35,0,1494305.52024,4945881.94945999
333,333,296.1919861,0,905.3439941,8.9378595,0,18.9913006,651.9650269,17.2744007,-0.864677,0.502328,0,0,0,0,0,0,34,0,0,1494405.52024,4945881.94945999
334,334,288.118988,0,904.4940186,8.97756,0,19.0338001,651.8619995,7.5594602,-0.983952,-0.178436,0,0,0,0,0,0,34,0,0,1494505.52024,4945881.94945999
335,335,292.5950012,0,903.6270142,8.9555397,0,19.0102005,651.7999878,11.9098997,-0.994123,0.108255,0,0,0,0,0,0,34,0,0,1494605.52024,4945881.94945999
336,336,291.3959961,0,902.7420044,8.9614401,0,19.0165997,651.690979,13.1073999,0.910648,-0.413182,0,0,0,0,0,0,34,0,0,1494705.52024,4945881.94945999
337,337,295.0899963,0,901.8389893,8.9432802,0,18.9971008,651.6140137,24.5562992,0.475395,-0.879772,0,0,0,0,0,0,0,0,37,1494805.52024,4945881.94945999
338,338,301.7839966,0,900.9210205,8.9103603,0,18.9617996,651.5289917,7.8432899,-0.719408,-0.694588,0,21,0,0,0,0,0,0,0,1494905.52024,4945881.94945999
339,339,288.4259949,0,899.9860229,8.9760504,0,19.0321999,651.4580078,3.1493101,0.978586,0.205837,0,0,22,0,0,0,0,0,0,1495005.52024,4945881.94945999
340,340,290.3919983,0,899.0360107,8.9663801,0,19.0217991,651.3359985,5.3938799,-0.996411,0.0846518,0,0,22,0,0,0,0,0,0,1495105.52024,4945881.94945999
341,341,290.5859985,0,898.0700073,8.9654198,0,19.0207996,651.2529907,5.78684,0.537879,0.843022,0,0,22,0,0,0,0,0,0,1495205.52024,4945881.94945999
342,342,306.7900085,0,897.0900269,8.8857403,0,18.9354992,651.0910034,22.8243008,-0.343827,-0.939033,0,0,0,0,0,0,0,35,0,1495305.52024,4945881.94945999
343,343,331.6270142,0,896.0960083,8.7636003,0,18.8047009,651.0430298,27.5842991,-0.567343,-0.823482,0,0,0,0,0,0,0,35,0,1495405.52024,4945881.94945999
344,344,358.2449951,0,895.0880127,8.6327,0,18.6644993,650.9580078,34.3035011,-0.897888,0.440223,0,21,0,0,0,0,0,0,0,1495505.52024,4945881.94945999
345,345,372.8590088,0,894.0670166,8.5608397,0,18.5874996,650.8510132,25.5028992,0.965574,0.260129,0,0,0,0,0,0,0,35,0,1495605.52024,4945881.94945999
346,346,380.7619934,0,893.03302,8.5219803,0,18.5459003,650.7150269,26.2978992,0.908372,-0.418162,0,0,0,0,0,0,0,35,0,1495705.52024,4945881.94945999
347,347,392.5369873,0,891.9860229,8.4640703,0,18.4838009,650.6220093,22.0583,-0.657447,0.753501,0,0,0,0,0,0,0,35,0,1495805.52024,4945881.94945999
348,348,398.381012,0,890.9279785,8.4353304,0,18.4531002,650.5269775,40.5084991,-0.387546,-0.92185,0,0,0,0,0,0,34,0,0,1495905.52024,4945881.94945999
349,349,428.151001,0,889.8579712,8.2889299,0,18.2963009,650.3579712,36.2993011,0.446057,-0.895005,0,0,0,0,0,0,0,35,0,1496005.52024,4945881.94945999
350,350,398.7179871,0,888.7769775,8.43367,0,18.4512997,650.2910156,33.2532997,0.581621,0.81346,0,0,0,0,0,0,34,0,0,1496105.52024,4945881.94945999
351,351,335.0509949,0,887.6849976,8.7467699,0,18.7866001,650.1519775,17.9237995,-0.757263,0.65311,0,0,0,0,0,0,0,35,0,1496205.52024,4945881.94945999
352,352,341.3259888,0,886.5830078,8.71591,0,18.7535992,650.0620117,32.3060989,-0.383114,0.923701,0,0,0,0,0,0,0,0,37,1496305.52024,4945881.94945999
353,353,359.2019958,0,885.4719849,8.6280003,0,18.6594009,649.9580078,40.0177002,0.90256,0.430564,0,0,0,0,0,0,0,35,0,1496405.52024,4945881.94945999
354,354,424.5450134,0,884.3510132,8.3066702,0,18.3153,649.8499756,31.8348999,0.286496,0.958081,0,0,0,0,0,0,0,35,0,1496505.52024,4945881.94945999
355,355,480.2149963,0,883.2210083,8.0329103,0,18.0221004,649.7119751,25.4172001,-0.992311,0.123772,0,0,0,0,0,0,0,35,0,1496605.52024,4945881.94945999
356,356,533.1879883,0,882.0830078,7.7723999,0,17.743,649.6199951,32.2568016,0.937843,0.34706,0,0,0,0,0,0,0,35,0,1496705.52024,4945881.94945999
357,357,592.3569946,0,880.9370117,7.4814301,0,17.4314003,649.5059814,32.6134987,0.999427,0.0338459,0,0,0,0,0,0,0,35,0,1496805.52024,4945881.94945999
358,358,320.1499939,0,906.4509888,8.8200397,0,18.8651009,652.4370117,32.2552986,-0.0654227,-0.997858,0,0,0,0,0,0,0,35,0,1494305.52024,4945781.94945999
359,359,284.1480103,0,905.5830078,8.9970903,0,19.0547009,652.3549805,11.2537003,0.225997,0.974128,0,0,0,0,0,0,34,0,0,1494405.52024,4945781.94945999
360,360,276.4819946,0,904.6959839,9.0347795,0,19.0951004,652.2620239,8.9927702,-0.666875,-0.74517,0,21,0,0,0,0,0,0,0,1494505.52024,4945781.94945999
361,361,277.8240051,0,903.7919922,9.0281801,0,19.0879993,652.1550293,9.6588202,-0.995695,-0.0926902,0,21,0,0,0,0,0,0,0,1494605.52024,4945781.94945999
362,362,280.5180054,0,902.8709717,9.0149298,0,19.0737991,652.0809937,5.4503498,-0.929283,0.369369,10,0,0,0,0,0,0,0,0,1494705.52024,4945781.94945999
363,363,276.7109985,0,901.9329834,9.0336599,0,19.0939007,652.0120239,7.6103601,-0.661722,0.749749,10,0,0,0,0,0,0,0,0,1494805.52024,4945781.94945999
364,364,280.0,0,900.9780273,9.0174799,0,19.0765991,651.9060059,0.867539,0.919757,0.392489,10,0,0,0,0,0,0,0,0,1494905.52024,4945781.94945999
365,365,281.6499939,0,900.0079956,9.0093699,0,19.0678997,651.7819824,6.2351699,0.174951,-0.984577,10,0,0,0,0,0,0,0,0,1495005.52024,4945781.94945999
366,366,280.2569885,0,899.0230103,9.0162201,0,19.0751991,651.7030029,3.12819,-0.349272,0.937022,10,0,0,0,0,0,0,0,0,1495105.52024,4945781.94945999
367,367,284.1159973,0,898.0230103,8.9972401,0,19.0548992,651.6030273,4.9928398,-0.37258,0.928,10,0,0,0,0,0,0,0,0,1495205.52024,4945781.94945999
368,368,287.5440063,0,897.0079956,8.9803896,0,19.0368004,651.5170288,4.7549601,-0.99974,0.0228081,0,0,22,0,0,0,0,0,0,1495305.52024,4945781.94945999
369,369,294.9070129,0,895.9799805,8.94417,0,18.9981003,651.3859863,14.7203999,-0.0994562,-0.995042,0,0,22,0,0,0,0,0,0,1495405.52024,4945781.94945999
370,370,312.8439941,0,894.9379883,8.8559704,0,18.9036007,651.3070068,17.6392994,0.204476,-0.978872,0,21,0,0,0,0,0,0,0,1495505.52024,4945781.94945999
371,371,338.8349915,0,893.8829956,8.7281599,0,18.7667007,651.177002,22.3584003,-0.470163,-0.88258,0,21,0,0,0,0,0,0,0,1495605.52024,4945781.94945999
372,372,332.7860107,0,892.8170166,8.7579002,0,18.7985001,651.065979,30.4092999,-0.969112,-0.246619,0,0,0,0,0,0,34,0,0,1495705.52024,4945781.94945999
373,373,340.2219849,0,891.7369995,8.7213402,0,18.7593994,650.9489746,36.2461014,0.764305,-0.644855,0,0,0,0,0,0,0,35,0,1495805.52024,4945781.94945999
374,374,325.348999,0,890.6459961,8.7944803,0,18.8376999,650.8449707,35.4089012,0.305829,0.952087,0,0,0,0,0,0,34,0,0,1495905.52024,4945781.94945999
375,375,359.6080017,0,889.5449829,8.6260099,0,18.6573009,650.7440186,34.1925011,-0.991636,0.129065,0,0,0,0,0,0,0,35,0,1496005.52024,4945781.94945999
376,376,358.2409973,0,888.4320068,8.63272,0,18.6644993,650.6090088,36.1941986,0.754759,-0.656002,0,0,0,0,0,0,34,0,0,1496105.52024,4945781.94945999
377,377,315.5079956,0,887.309021,8.8428698,0,18.8894997,650.4890137,18.2961006,0.999781,0.020911,0,0,0,0,0,0,0,35,0,1496205.52024,4945781.94945999
378,378,356.196991,0,886.177002,8.6427803,0,18.6751995,650.382019,27.8630009,0.0633323,0.997993,0,0,0,0,0,0,0,35,0,1496305.52024,4945781.94945999
379,379,408.0029907,0,885.0339966,8.38801,0,18.4023991,650.257019,37.1755981,-0.0738515,0.997269,0,0,0,0,0,0,0,35,0,1496405.52024,4945781.94945999
380,380,458.7680054,0,883.8829956,8.1383696,0,18.1350002,650.1439819,34.8218994,0.113925,-0.993489,0,0,0,0,0,0,0,35,0,1496505.52024,4945781.94945999
381,381,499.6700134,0,882.723999,7.9372301,0,17.9195995,650.0180054,35.7507019,-0.821166,0.57069,0,0,0,0,0,0,0,35,0,1496605.52024,4945781.94945999
382,382,552.0720215,0,881.5560303,7.6795402,0,17.6436005,649.8900146,36.5765991,-0.919028,0.394193,0,0,0,0,0,0,0,35,0,1496705.52024,4945781.94945999
383,383,622.1640015,0,880.3800049,7.3348598,0,17.2744007,649.7739868,34.0161018,0.82461,0.565701,0,0,0,0,0,0,0,35,0,1496805.52024,4945781.94945999
384,384,632.0510254,0,880.2700195,7.2862301,0,17.2222996,649.0720215,24.8610001,0.322371,-0.946613,0,0,0,0,0,0,0,35,0,1496905.52024,4945981.94945999
385,385,680.335022,0,879.1370239,7.04879,0,16.9680004,648.9699707,23.7791996,-0.0386689,0.999252,0,0,0,0,0,0,0,35,0,1497005.52024,4945981.94945999
386,386,711.3499756,0,877.9970093,6.8962698,0,16.8047009,648.8569946,21.1072998,-0.885162,0.465282,0,0,0,0,0,0,0,35,0,1497105.52024,4945981.94945999
387,387,712.6359863,0,876.8499756,6.8899498,0,16.7978992,648.7219849,35.9255981,-0.626327,-0.77956,0,0,0,0,0,0,0,35,0,1497205.52024,4945981.94945999
388,388,718.8549805,0,875.6959839,6.8593602,0,16.7651005,648.6060181,19.3673,0.940942,0.338567,0,0,0,0,0,0,0,35,0,1497305.52024,4945981.94945999
389,389,759.427002,0,874.5369873,6.6598501,0,16.5515003,648.5269775,24.4514999,0.370248,-0.928933,0,0,0,0,0,0,0,35,0,1497405.52024,4945981.94945999
390,390,795.8800049,0,873.3720093,6.4805899,0,16.3595009,648.4030151,20.5156002,0.974731,-0.223382,0,0,0,0,0,0,0,35,0,1497505.52024,4945981.94945999
391,391,658.3690186,0,879.7819824,7.1568098,0,17.0837002,649.3850098,27.2262993,-0.824023,0.566557,0,0,0,0,0,0,0,35,0,1496905.52024,4945881.94945999
392,392,668.3460083,0,878.6209717,7.1077499,0,17.0312004,649.2609863,17.7681999,-0.800016,-0.599979,0,0,0,0,0,0,0,35,0,1497005.52024,4945881.94945999
393,393,656.6630249,0,877.4530029,7.1652002,0,17.0926991,649.1170044,24.9417,0.910581,-0.413331,0,0,0,0,0,0,0,35,0,1497105.52024,4945881.94945999
394,394,658.3859863,0,876.2780151,7.1567302,0,17.0835991,648.9920044,31.7616997,-0.877555,-0.479476,0,0,0,0,0,0,0,35,0,1497205.52024,4945881.94945999
395,395,696.302002,0,875.0969849,6.9702802,0,16.8838997,648.9030151,24.8239994,-0.777694,0.628644,0,0,0,0,0,0,0,35,0,1497305.52024,4945881.94945999
396,396,724.7780151,0,873.9110107,6.8302398,0,16.7339001,648.8150024,19.4011993,0.146225,0.989251,0,0,0,0,0,0,0,35,0,1497405.52024,4945881.94945999
397,397,759.4019775,0,872.7189941,6.6599798,0,16.5515995,648.6619873,19.6172009,-0.0455241,0.998963,0,0,0,0,0,0,0,0,37,1497505.52024,4945881.94945999
398,398,652.3690186,0,879.1970215,7.1863198,0,17.1152992,649.6740112,15.3023996,0.998183,-0.0602556,0,0,0,0,0,0,0,35,0,1496905.52024,4945781.94945999
399,399,634.9400024,0,878.007019,7.2720299,0,17.2070999,649.5219727,32.1540985,-0.0016706,0.999999,0,0,0,0,0,0,0,35,0,1497005.52024,4945781.94945999
400,400,605.6359863,0,876.8109741,7.4161301,0,17.3614998,649.4459839,33.289299,0.122212,0.992504,0,0,0,0,0,0,0,35,0,1497105.52024,4945781.94945999
401,401,611.2999878,0,875.6079712,7.3882799,0,17.3316002,649.2999878,35.7663002,0.921786,0.387698,0,0,0,0,0,0,0,0,37,1497205.52024,4945781.94945999
402,402,676.1140137,0,874.4000244,7.06955,0,16.9902992,649.1469727,24.8757992,0.390537,0.920587,0,0,0,0,0,0,0,35,0,1497305.52024,4945781.94945999
403,403,717.1389771,0,873.1859741,6.8678098,0,16.7742004,649.0180054,25.4069004,0.551709,0.834037,0,0,0,0,0,0,0,35,0,1497405.52024,4945781.94945999
404,404,757.8150024,0,871.9680176,6.6677799,0,16.5599003,648.9210205,28.9484997,0.951513,-0.30761,0,0,0,0,0,0,0,0,37,1497505.52024,4945781.94945999
405,405,439.0320129,0,849.8909912,8.2354298,0,18.2390003,645.7210083,3.2713499,-0.999959,0.0090336,10,0,0,0,0,0,0,0,0,1500005.52024,4945981.94945999
406,406,454.8089905,0,849.2769775,8.1578398,0,18.155899,645.6950073,21.6497002,0.767332,-0.641249,0,0,0,0,0,0,34,0,0,1500105.52024,4945981.94945999
407,407,468.3429871,0,848.6920166,8.0912905,0,18.0846004,645.5869751,26.6905003,0.593066,0.805153,0,0,0,0,0,0,34,0,0,1500205.52024,4945981.94945999
408,408,477.6669922,0,848.1359863,8.0454302,0,18.0354996,645.5239868,16.2661991,-0.922832,0.385202,0,0,0,0,0,0,34,0,0,1500305.52024,4945981.94945999
409,409,494.197998,0,847.6110229,7.9641399,0,17.9484005,645.4320068,24.0575008,0.168117,-0.985767,0,0,0,0,0,0,34,0,0,1500405.52024,4945981.94945999
410,410,494.118988,0,847.1160278,7.96453,0,17.9487991,645.3389893,18.1138992,0.219865,-0.97553,0,0,0,0,0,0,34,0,0,1500505.52024,4945981.94945999
411,411,497.7090149,0,846.651001,7.9468799,0,17.9298992,645.2600098,12.3692999,0.913646,0.40651,0,0,0,0,0,0,34,0,0,1500605.52024,4945981.94945999
412,412,490.9620056,0,846.21698,7.9800601,0,17.9654999,645.2210083,11.9368,0.626776,-0.7792,0,0,0,0,0,0,34,0,0,1500705.52024,4945981.94945999
413,413,484.8479919,0,845.8120117,8.0101204,0,17.9976997,645.1370239,15.9624996,0.691485,0.722391,0,0,0,0,0,0,34,0,0,1500805.52024,4945981.94945999
414,414,440.9570007,0,849.6740112,8.2259598,0,18.2287998,645.973999,23.1849995,0.0482005,-0.998838,0,0,0,0,0,0,34,0,0,1499905.52024,4945881.94945999
415,415,474.9599915,0,849.0310059,8.0587502,0,18.0496998,645.8989868,30.9454994,-0.67452,-0.738257,0,0,0,0,0,0,34,0,0,1500005.52024,4945881.94945999
416,416,481.9849854,0,848.4190063,8.0242004,0,18.0126991,645.8209839,17.8031998,-0.751297,-0.659964,0,0,0,0,0,0,34,0,0,1500105.52024,4945881.94945999
417,417,499.5859985,0,847.8359985,7.9376402,0,17.9200001,645.7349854,17.6823997,-0.960101,-0.279652,0,0,0,0,0,0,34,0,0,1500205.52024,4945881.94945999
418,418,502.9129944,0,847.2849731,7.9212899,0,17.9025002,645.6240234,20.3082008,-0.612411,-0.790539,0,0,0,0,0,0,34,0,0,1500305.52024,4945881.94945999
419,419,520.5289917,0,846.7630005,7.83465,0,17.8097,645.5750122,18.4493008,-0.809004,-0.587804,0,0,0,0,0,0,34,0,0,1500405.52024,4945881.94945999
420,420,525.7559814,0,846.2719727,7.8089499,0,17.7821999,645.4799805,16.7236004,0.0994933,0.995038,0,0,0,0,0,0,34,0,0,1500505.52024,4945881.94945999
421,421,513.8259888,0,845.8120117,7.86762,0,17.8449993,645.3920288,16.2292995,0.980156,0.198226,0,0,0,0,0,0,34,0,0,1500605.52024,4945881.94945999
422,422,513.9500122,0,845.382019,7.8670101,0,17.8444004,645.3690186,13.5773001,0.99889,-0.0471033,0,0,0,0,0,0,34,0,0,1500705.52024,4945881.94945999
423,423,505.3900146,0,844.9829712,7.9091001,0,17.8894997,645.2609863,14.3691998,0.706486,0.707727,0,0,0,0,0,0,34,0,0,1500805.52024,4945881.94945999
424,424,504.5029907,0,844.6149902,7.9134598,0,17.8941002,645.1939697,17.2306004,-0.28267,-0.959217,0,0,0,0,0,0,34,0,0,1500905.52024,4945881.94945999
425,425,514.2109985,0,844.2769775,7.8657298,0,17.8430004,645.1300049,15.7585001,0.707597,0.706616,0,0,0,0,0,0,34,0,0,1501005.52024,4945881.94945999
426,426,500.0849915,0,843.9699707,7.9351902,0,17.9174004,645.0720215,6.63486,-0.992018,0.126096,0,0,0,0,0,0,34,0,0,1501105.52024,4945881.94945999
427,427,428.4400024,0,850.098999,8.2875099,0,18.2947006,646.3359985,7.0911102,-0.01729,0.999851,10,0,0,0,0,0,0,0,0,1499705.52024,4945781.94945999
428,428,458.2609863,0,849.3969727,8.1408596,0,18.1376991,646.2269897,41.1810989,-0.571258,-0.82077,0,0,0,0,0,0,34,0,0,1499805.52024,4945781.94945999
429,429,496.1090088,0,848.7249756,7.95474,0,17.9382992,646.1530151,43.2747002,0.902498,0.430695,0,0,0,0,0,0,34,0,0,1499905.52024,4945781.94945999
430,430,529.8989868,0,848.0839844,7.7885799,0,17.7604008,646.0419922,31.4962997,-0.997438,0.0715386,0,0,0,0,0,0,34,0,0,1500005.52024,4945781.94945999
431,431,531.6989746,0,847.473999,7.7797298,0,17.7509003,645.9500122,28.8514004,0.613178,0.789945,0,0,0,0,0,0,34,0,0,1500105.52024,4945781.94945999
432,432,531.5689697,0,846.8939819,7.7803702,0,17.7516003,645.8690186,21.3535995,-0.536215,-0.844081,0,0,0,0,0,0,34,0,0,1500205.52024,4945781.94945999
433,433,541.8270264,0,846.3449707,7.7299199,0,17.6975002,645.8060303,22.3006992,-0.517062,-0.855948,0,0,0,0,0,0,34,0,0,1500305.52024,4945781.94945999
434,434,548.5460205,0,845.8280029,7.6968799,0,17.6620998,645.6959839,16.6767998,-0.91663,0.399736,0,0,0,0,0,0,34,0,0,1500405.52024,4945781.94945999
435,435,540.2739868,0,845.3410034,7.7375598,0,17.7056999,645.5960083,11.9723997,-0.847593,0.530646,0,0,0,0,0,0,34,0,0,1500505.52024,4945781.94945999
436,436,535.1339722,0,844.8850098,7.7628398,0,17.7327995,645.5369873,12.1647997,-0.511166,-0.859482,0,0,0,0,0,0,34,0,0,1500605.52024,4945781.94945999
437,437,538.4400024,0,844.460022,7.7465801,0,17.7154007,645.414978,12.2959995,-0.955672,-0.294433,0,0,0,0,0,0,34,0,0,1500705.52024,4945781.94945999
438,438,529.0759888,0,844.065979,7.7926202,0,17.7646999,645.3699951,15.8853998,-0.468121,0.883664,0,0,0,0,0,0,34,0,0,1500805.52024,4945781.94945999
439,439,531.3870239,0,843.7030029,7.78126,0,17.7525005,645.2919922,21.1842003,0.38491,-0.922954,0,0,0,0,0,0,34,0,0,1500905.52024,4945781.94945999
440,440,526.3989868,0,843.3720093,7.8057899,0,17.7787991,645.2579956,13.2889996,0.883312,0.468785,0,0,0,0,0,0,34,0,0,1501005.52024,4945781.94945999
441,441,526.4940186,0,843.0720215,7.8053298,0,17.7782993,645.1719971,16.8789997,-0.0572885,0.998358,0,0,0,0,0,0,34,0,0,1501105.52024,4945781.94945999
442,442,525.8729858,0,842.8029785,7.8083801,0,17.781601,645.1370239,20.5862999,0.349978,-0.936758,0,0,0,0,0,0,34,0,0,1501205.52024,4945781.94945999
443,443,530.776001,0,909.2360229,7.7842598,0,17.7556992,653.0679932,22.8927994,0.141185,-0.989983,0,0,0,0,0,0,0,35,0,1494005.52024,4945681.94945999
444,444,455.894989,0,908.3870239,8.1525002,0,18.1501007,652.9910278,39.3741989,-0.879879,0.475198,0,0,0,0,0,0,0,35,0,1494105.52024,4945681.94945999
445,445,380.0570068,0,907.5189819,8.5254402,0,18.5496006,652.9089966,33.4202003,-0.974685,-0.223582,0,0,0,0,0,0,0,35,0,1494205.52024,4945681.94945999
446,446,523.3839722,0,910.3040161,7.8206201,0,17.7947006,653.5549927,21.882,0.661945,-0.749553,0,0,0,0,0,0,0,35,0,1493905.52024,4945581.94945999
447,447,510.605011,0,909.4370117,7.88346,0,17.8619995,653.5209961,14.0268002,-0.818635,0.574314,0,0,0,0,0,0,0,35,0,1494005.52024,4945581.94945999
448,448,463.3099976,0,908.5499878,8.1160402,0,18.1110992,653.3790283,34.5438004,0.278225,-0.960516,0,0,0,0,0,0,0,35,0,1494105.52024,4945581.94945999
449,449,374.1489868,0,907.6430054,8.5544901,0,18.5806999,653.3120117,45.5536003,0.971623,0.236535,0,0,0,0,0,0,0,35,0,1494205.52024,4945581.94945999
450,450,474.6040039,0,909.5440063,8.0605001,0,18.0515995,653.9290161,26.6648998,0.0623208,-0.998056,0,0,0,0,0,0,0,35,0,1494005.52024,4945481.94945999
451,451,439.4030151,0,908.617981,8.2335997,0,18.2369995,653.8330078,32.7677002,0.997359,0.0726267,0,0,0,0,0,0,0,35,0,1494105.52024,4945481.94945999
452,452,372.5400085,0,907.6729736,8.5624104,0,18.5891991,653.7319946,49.8956985,0.747415,0.664358,0,0,0,0,0,0,0,35,0,1494205.52024,4945481.94945999
453,453,445.9440002,0,909.5570068,8.2014303,0,18.2026005,654.3619995,26.0631008,0.958721,0.284347,0,0,0,0,0,0,0,35,0,1494005.52024,4945381.94945999
454,454,396.5629883,0,908.5930176,8.4442701,0,18.4626007,654.276001,30.7730007,0.188652,-0.982044,0,0,0,0,0,0,0,35,0,1494105.52024,4945381.94945999
455,455,353.8479919,0,907.6099854,8.6543303,0,18.6875992,654.1729736,28.2401009,0.999635,-0.0270172,0,0,0,0,0,0,0,35,0,1494205.52024,4945381.94945999
456,456,307.5549927,0,906.632019,8.8819799,0,18.9314003,652.8569946,30.5699997,0.138929,-0.990302,0,0,0,0,0,0,0,35,0,1494305.52024,4945681.94945999
457,457,253.2250061,0,905.7260132,9.1491499,0,19.2175999,652.7689819,26.6704998,0.223628,0.974675,10,0,0,0,0,0,0,0,0,1494405.52024,4945681.94945999
458,458,263.4630127,0,904.8029785,9.0988102,0,19.1637001,652.6560059,15.6415997,-0.777451,0.628944,0,0,0,0,0,0,34,0,0,1494505.52024,4945681.94945999
459,459,262.4309998,0,903.8619995,9.1038799,0,19.1690998,652.5689697,27.1709995,0.4324,0.901682,0,0,0,0,0,0,34,0,0,1494605.52024,4945681.94945999
460,460,260.0,0,902.9039917,9.11584,0,19.1819,652.4920044,2.4133999,-0.463354,0.886173,10,0,0,0,0,0,0,0,0,1494705.52024,4945681.94945999
461,461,261.8080139,0,901.9299927,9.1069498,0,19.1723995,652.3889771,8.9736605,-0.830087,0.557635,10,0,0,0,0,0,0,0,0,1494805.52024,4945681.94945999
462,462,260.0,0,900.9400024,9.11584,0,19.1819,652.3010254,8.1093102,0.677798,0.735248,10,0,0,0,0,0,0,0,0,1494905.52024,4945681.94945999
463,463,260.0,0,899.934021,9.11584,0,19.1819,652.1790161,5.6972899,0.773782,-0.633452,10,0,0,0,0,0,0,0,0,1495005.52024,4945681.94945999
464,464,260.0,0,898.9140015,9.11584,0,19.1819,652.0809937,11.3945999,0.135536,-0.990772,0,0,0,0,0,0,34,0,0,1495105.52024,4945681.94945999
465,465,276.9930115,0,897.8790283,9.0322704,0,19.0923996,651.947998,13.2503004,-0.48335,-0.875427,10,0,0,0,0,0,0,0,0,1495205.52024,4945681.94945999
466,466,280.0509949,0,896.8300171,9.01723,0,19.0762997,651.8649902,6.2282901,-0.474164,-0.880436,10,0,0,0,0,0,0,0,0,1495305.52024,4945681.94945999
467,467,281.3349915,0,895.7680054,9.0109196,0,19.0695,651.7390137,7.1882801,0.996624,0.0820995,10,0,0,0,0,0,0,0,0,1495405.52024,4945681.94945999
468,468,287.5509949,0,894.6920166,8.9803495,0,19.0368004,651.6469727,14.8080997,-0.978272,-0.207326,10,0,0,0,0,0,0,0,0,1495505.52024,4945681.94945999
469,469,289.2839966,0,893.6040039,8.9718304,0,19.0277004,651.5390015,26.4801998,0.998004,0.0631526,10,0,0,0,0,0,0,0,0,1495605.52024,4945681.94945999
470,470,279.0419922,0,892.5040283,9.0221901,0,19.0816002,651.4110107,18.3442993,0.222593,-0.974912,10,0,0,0,0,0,0,0,0,1495705.52024,4945681.94945999
471,471,273.4400024,0,891.3920288,9.0497398,0,19.1110992,651.2440186,12.3296003,-0.996969,0.0777979,0,0,0,0,0,0,34,0,0,1495805.52024,4945681.94945999
472,472,280.625,0,890.2689819,9.01441,0,19.0732994,651.1760254,26.5548,-0.767481,-0.641072,10,0,0,0,0,0,0,0,0,1495905.52024,4945681.94945999
473,473,301.8280029,0,889.1350098,8.91014,0,18.9615993,651.0640259,22.1436005,-0.652012,-0.758209,0,0,0,0,0,0,34,0,0,1496005.52024,4945681.94945999
474,474,303.5870056,0,887.9910278,8.9014902,0,18.9522991,650.9829712,22.2166996,-0.356245,-0.934392,0,0,0,0,0,0,34,0,0,1496105.52024,4945681.94945999
475,475,333.0859985,0,886.8369751,8.7564297,0,18.7970009,650.7930298,37.5320015,0.955416,0.295264,0,0,0,0,0,0,0,35,0,1496205.52024,4945681.94945999
476,476,393.5360107,0,885.6729736,8.4591599,0,18.4785995,650.71698,42.0424004,0.47857,-0.87805,0,0,0,0,0,0,0,35,0,1496305.52024,4945681.94945999
477,477,443.678009,0,884.5,8.2125797,0,18.2145004,650.5809937,27.3822994,-0.74569,-0.666294,0,0,0,0,0,0,0,35,0,1496405.52024,4945681.94945999
478,478,495.70401,0,883.3189697,7.9567399,0,17.9405003,650.4429932,33.8983002,-0.438549,-0.898707,0,0,0,0,0,0,0,35,0,1496505.52024,4945681.94945999
479,479,544.0939941,0,882.1290283,7.71877,0,17.6856003,650.3189697,29.6229,0.141657,0.989916,0,0,0,0,0,0,0,35,0,1496605.52024,4945681.94945999
480,480,576.6240234,0,880.9320068,7.5588002,0,17.5142994,650.1970215,29.9354992,-0.936862,-0.3497,0,0,0,0,0,0,0,35,0,1496705.52024,4945681.94945999
481,481,619.1300049,0,879.7269897,7.3497801,0,17.2903996,650.0499878,18.6002998,-0.775198,0.631718,0,0,0,0,0,0,0,35,0,1496805.52024,4945681.94945999
482,482,297.7070007,0,906.7180176,8.9304104,0,18.9832993,653.2030029,45.1935997,-0.28617,0.958179,0,0,0,0,0,0,0,35,0,1494305.52024,4945581.94945999
483,483,251.1309967,0,905.7750244,9.1594496,0,19.2285995,653.1760254,21.5370998,0.808692,0.588232,0,0,0,0,0,0,34,0,0,1494405.52024,4945581.94945999
484,484,277.3580017,0,904.8150024,9.0304699,0,19.0904999,653.0560303,6.1472702,0.246947,-0.969029,0,21,0,0,0,0,0,0,0,1494505.52024,4945581.94945999
485,485,309.1090088,0,903.8369751,8.8743401,0,18.9232998,652.9530029,24.8500996,-0.475994,0.879449,0,0,0,0,0,0,0,35,0,1494605.52024,4945581.94945999
486,486,327.4729919,0,902.8430176,8.78403,0,18.8264999,652.8579712,35.8711014,-0.808653,0.588285,0,0,0,0,0,0,0,35,0,1494705.52024,4945581.94945999
487,487,329.5750122,0,901.8319702,8.7736902,0,18.8155003,652.7529907,41.3776016,-0.537689,-0.843143,0,0,0,0,0,0,34,0,0,1494805.52024,4945581.94945999
488,488,308.197998,0,900.8070068,8.8788204,0,18.9279995,652.6539917,32.4631996,-0.819933,0.57246,0,0,0,0,0,0,34,0,0,1494905.52024,4945581.94945999
489,489,298.5369873,0,899.7659912,8.9263201,0,18.9789009,652.5759888,30.0662003,-0.368282,0.929714,0,0,0,0,0,0,34,0,0,1495005.52024,4945581.94945999
490,490,285.5440063,0,898.710022,8.9902201,0,19.0473995,652.4489746,15.6029997,-0.995427,-0.0955211,10,0,0,0,0,0,0,0,0,1495105.52024,4945581.94945999
491,491,281.0039978,0,897.6400146,9.0125504,0,19.0713005,652.34198,17.7966003,0.597301,0.802017,10,0,0,0,0,0,0,0,0,1495205.52024,4945581.94945999
492,492,260.0,0,896.5570068,9.11584,0,19.1819,652.2550049,4.9734502,0.521988,-0.852953,10,0,0,0,0,0,0,0,0,1495305.52024,4945581.94945999
493,493,270.3190002,0,895.460022,9.0650902,0,19.1275997,652.1209717,15.1248999,-0.95684,0.290615,0,0,0,0,0,0,34,0,0,1495405.52024,4945581.94945999
494,494,261.0020142,0,894.3510132,9.1109104,0,19.1765995,651.9660034,13.0393,-0.302083,0.953282,10,0,0,0,0,0,0,0,0,1495505.52024,4945581.94945999
495,495,268.447998,0,893.2299805,9.0742903,0,19.1373997,651.8660278,7.6339402,-0.623821,0.781567,10,0,0,0,0,0,0,0,0,1495605.52024,4945581.94945999
496,496,264.9750061,0,892.0960083,9.0913696,0,19.1557007,651.7709961,5.1287498,0.633059,0.774103,10,0,0,0,0,0,0,0,0,1495705.52024,4945581.94945999
497,497,263.052002,0,890.9520264,9.1008301,0,19.1658001,651.6090088,2.0738699,-0.95486,-0.297055,10,0,0,0,0,0,0,0,0,1495805.52024,4945581.94945999
498,498,266.5109863,0,889.7960205,9.0838203,0,19.1476002,651.5100098,2.93029,-0.999976,0.0069281,0,0,0,0,0,333,0,0,0,1495905.52024,4945581.94945999
